video_name,frame,outcome_prediction
11_final.mp4,0,Poorly
11_final.mp4,3,Well
11_final.mp4,6,Well
11_final.mp4,9,Well
11_final.mp4,12,Well
11_final.mp4,15,Poorly
11_final.mp4,18,Well
11_final.mp4,21,Poorly
11_final.mp4,24,Well
11_final.mp4,27,Well
11_final.mp4,30,Well
11_final.mp4,33,Well
11_final.mp4,36,Poorly
11_final.mp4,39,Well
11_final.mp4,42,Poorly
11_final.mp4,45,Poorly
11_final.mp4,48,Well
11_final.mp4,51,Poorly
11_final.mp4,54,Well
11_final.mp4,57,Poorly
11_final.mp4,60,Well
11_final.mp4,63,Well
11_final.mp4,66,Well
11_final.mp4,69,Well
11_final.mp4,72,Well
11_final.mp4,75,Well
11_final.mp4,78,Well
11_final.mp4,81,Well
11_final.mp4,84,Well
11_final.mp4,87,Well
11_final.mp4,90,Well
11_final.mp4,93,Well
11_final.mp4,96,Well
11_final.mp4,99,Well
11_final.mp4,102,Well
11_final.mp4,105,Well
11_final.mp4,108,Well
11_final.mp4,111,Well
11_final.mp4,114,Poorly
11_final.mp4,117,Well
11_final.mp4,120,Well
11_final.mp4,123,Well
11_final.mp4,126,Well
11_final.mp4,129,Well
11_final.mp4,132,Well
11_final.mp4,135,Well
11_final.mp4,138,Well
11_final.mp4,141,Well
11_final.mp4,144,Well
11_final.mp4,147,Well
11_final.mp4,150,Well
11_final.mp4,153,Well
11_final.mp4,156,Well
11_final.mp4,159,Poorly
11_final.mp4,162,Well
11_final.mp4,165,Well
11_final.mp4,168,Well
11_final.mp4,171,Well
11_final.mp4,174,Well
11_final.mp4,177,Well
11_final.mp4,180,Well
11_final.mp4,183,Poorly
11_final.mp4,186,Well
11_final.mp4,189,Well
11_final.mp4,192,Poorly
11_final.mp4,195,Poorly
11_final.mp4,198,Poorly
11_final.mp4,201,Well
11_final.mp4,204,Poorly
11_final.mp4,207,Well
11_final.mp4,210,Well
11_final.mp4,213,Well
11_final.mp4,216,Poorly
11_final.mp4,219,Poorly
11_final.mp4,222,Well
11_final.mp4,225,Well
11_final.mp4,228,Poorly
11_final.mp4,231,Well
11_final.mp4,234,Well
11_final.mp4,237,Well
11_final.mp4,240,Poorly
11_final.mp4,243,Poorly
11_final.mp4,246,Well
11_final.mp4,249,Well
11_final.mp4,252,Well
11_final.mp4,255,Well
11_final.mp4,258,Well
11_final.mp4,261,Well
11_final.mp4,264,Well
11_final.mp4,267,Well
11_final.mp4,270,Well
11_final.mp4,273,Well
11_final.mp4,276,Well
11_final.mp4,279,Well
11_final.mp4,282,Well
11_final.mp4,285,Well
11_final.mp4,288,Poorly
11_final.mp4,291,Well
11_final.mp4,294,Poorly
11_final.mp4,297,Well
11_final.mp4,300,Poorly
11_final.mp4,303,Well
11_final.mp4,306,Well
11_final.mp4,309,Well
11_final.mp4,312,Well
11_final.mp4,315,Well
11_final.mp4,318,Poorly
11_final.mp4,321,Well
11_final.mp4,324,Well
11_final.mp4,327,Well
11_final.mp4,330,Well
11_final.mp4,333,Well
11_final.mp4,336,Well
11_final.mp4,339,Well
11_final.mp4,342,Well
11_final.mp4,345,Poorly
11_final.mp4,348,Poorly
11_final.mp4,351,Well
11_final.mp4,354,Poorly
11_final.mp4,357,Well
11_final.mp4,360,Well
11_final.mp4,363,Well
11_final.mp4,366,Well
11_final.mp4,369,Well
11_final.mp4,372,Poorly
11_final.mp4,375,Well
11_final.mp4,378,Poorly
11_final.mp4,381,Well
11_final.mp4,384,Well
11_final.mp4,387,Poorly
11_final.mp4,390,Poorly
11_final.mp4,393,Well
11_final.mp4,396,Well
11_final.mp4,399,Well
11_final.mp4,402,Well
11_final.mp4,405,Well
11_final.mp4,408,Well
11_final.mp4,411,Well
11_final.mp4,414,Poorly
11_final.mp4,417,Well
11_final.mp4,420,Well
11_final.mp4,423,Well
12_final.mp4,0,Poorly
12_final.mp4,3,Poorly
12_final.mp4,6,Well
12_final.mp4,9,Poorly
12_final.mp4,12,Poorly
12_final.mp4,15,Well
12_final.mp4,18,Poorly
12_final.mp4,21,Poorly
12_final.mp4,24,Well
12_final.mp4,27,Poorly
12_final.mp4,30,Poorly
12_final.mp4,33,Poorly
12_final.mp4,36,Well
12_final.mp4,39,Poorly
12_final.mp4,42,Poorly
12_final.mp4,45,Poorly
12_final.mp4,48,Poorly
12_final.mp4,51,Poorly
12_final.mp4,54,Poorly
12_final.mp4,57,Well
12_final.mp4,60,Poorly
12_final.mp4,63,Poorly
12_final.mp4,66,Poorly
12_final.mp4,69,Poorly
12_final.mp4,72,Well
12_final.mp4,75,Poorly
12_final.mp4,78,Poorly
12_final.mp4,81,Well
12_final.mp4,84,Poorly
12_final.mp4,87,Poorly
12_final.mp4,90,Poorly
12_final.mp4,93,Poorly
12_final.mp4,96,Poorly
12_final.mp4,99,Well
12_final.mp4,102,Well
12_final.mp4,105,Poorly
12_final.mp4,108,Poorly
12_final.mp4,111,Well
12_final.mp4,114,Poorly
12_final.mp4,117,Well
12_final.mp4,120,Poorly
12_final.mp4,123,Poorly
12_final.mp4,126,Well
12_final.mp4,129,Well
12_final.mp4,132,Well
12_final.mp4,135,Well
12_final.mp4,138,Well
12_final.mp4,141,Well
12_final.mp4,144,Well
12_final.mp4,147,Poorly
12_final.mp4,150,Well
12_final.mp4,153,Poorly
12_final.mp4,156,Well
12_final.mp4,159,Poorly
12_final.mp4,162,Well
12_final.mp4,165,Well
12_final.mp4,168,Poorly
12_final.mp4,171,Well
12_final.mp4,174,Well
12_final.mp4,177,Well
12_final.mp4,180,Poorly
12_final.mp4,183,Well
12_final.mp4,186,Poorly
12_final.mp4,189,Well
12_final.mp4,192,Well
12_final.mp4,195,Poorly
12_final.mp4,198,Poorly
12_final.mp4,201,Well
12_final.mp4,204,Poorly
12_final.mp4,207,Well
12_final.mp4,210,Poorly
12_final.mp4,213,Poorly
12_final.mp4,216,Well
14_final.mp4,0,Well
14_final.mp4,3,Well
14_final.mp4,6,Well
14_final.mp4,9,Well
14_final.mp4,12,Well
14_final.mp4,15,Well
14_final.mp4,18,Well
14_final.mp4,21,Well
14_final.mp4,24,Well
14_final.mp4,27,Well
14_final.mp4,30,Well
14_final.mp4,33,Well
14_final.mp4,36,Well
14_final.mp4,39,Well
14_final.mp4,42,Well
14_final.mp4,45,Well
14_final.mp4,48,Well
14_final.mp4,51,Well
14_final.mp4,54,Well
14_final.mp4,57,Well
14_final.mp4,60,Well
14_final.mp4,63,Well
14_final.mp4,66,Well
14_final.mp4,69,Well
14_final.mp4,72,Well
14_final.mp4,75,Well
14_final.mp4,78,Poorly
14_final.mp4,81,Poorly
14_final.mp4,84,Poorly
14_final.mp4,87,Well
14_final.mp4,90,Well
14_final.mp4,93,Well
14_final.mp4,96,Well
14_final.mp4,99,Well
14_final.mp4,102,Well
14_final.mp4,105,Well
14_final.mp4,108,Well
14_final.mp4,111,Well
14_final.mp4,114,Well
14_final.mp4,117,Well
14_final.mp4,120,Well
14_final.mp4,123,Well
14_final.mp4,126,Poorly
14_final.mp4,129,Well
14_final.mp4,132,Well
14_final.mp4,135,Well
14_final.mp4,138,Well
14_final.mp4,141,Well
14_final.mp4,144,Well
14_final.mp4,147,Well
14_final.mp4,150,Well
14_final.mp4,153,Well
14_final.mp4,156,Well
14_final.mp4,159,Well
14_final.mp4,162,Well
14_final.mp4,165,Well
14_final.mp4,168,Well
14_final.mp4,171,Well
14_final.mp4,174,Well
14_final.mp4,177,Well
14_final.mp4,180,Well
14_final.mp4,183,Well
14_final.mp4,186,Well
14_final.mp4,189,Well
14_final.mp4,192,Well
14_final.mp4,195,Well
14_final.mp4,198,Well
14_final.mp4,201,Well
14_final.mp4,204,Well
14_final.mp4,207,Well
14_final.mp4,210,Well
14_final.mp4,213,Well
14_final.mp4,216,Well
14_final.mp4,219,Well
14_final.mp4,222,Well
14_final.mp4,225,Well
14_final.mp4,228,Well
14_final.mp4,231,Well
14_final.mp4,234,Well
14_final.mp4,237,Well
14_final.mp4,240,Well
14_final.mp4,243,Well
14_final.mp4,246,Well
14_final.mp4,249,Well
14_final.mp4,252,Well
14_final.mp4,255,Well
14_final.mp4,258,Well
14_final.mp4,261,Well
14_final.mp4,264,Well
14_final.mp4,267,Well
14_final.mp4,270,Poorly
14_final.mp4,273,Well
14_final.mp4,276,Well
14_final.mp4,279,Poorly
14_final.mp4,282,Poorly
14_final.mp4,285,Well
14_final.mp4,288,Well
14_final.mp4,291,Poorly
14_final.mp4,294,Well
14_final.mp4,297,Well
14_final.mp4,300,Well
14_final.mp4,303,Well
14_final.mp4,306,Well
14_final.mp4,309,Poorly
14_final.mp4,312,Well
14_final.mp4,315,Well
14_final.mp4,318,Poorly
14_final.mp4,321,Well
14_final.mp4,324,Poorly
14_final.mp4,327,Well
14_final.mp4,330,Well
14_final.mp4,333,Well
14_final.mp4,336,Poorly
14_final.mp4,339,Well
14_final.mp4,342,Well
14_final.mp4,345,Well
14_final.mp4,348,Well
14_final.mp4,351,Poorly
14_final.mp4,354,Well
14_final.mp4,357,Poorly
14_final.mp4,360,Poorly
14_final.mp4,363,Well
14_final.mp4,366,Poorly
14_final.mp4,369,Well
14_final.mp4,372,Well
14_final.mp4,375,Well
14_final.mp4,378,Poorly
14_final.mp4,381,Well
14_final.mp4,384,Well
14_final.mp4,387,Well
15_final.mp4,0,Well
15_final.mp4,3,Poorly
15_final.mp4,6,Well
15_final.mp4,9,Poorly
15_final.mp4,12,Well
15_final.mp4,15,Well
15_final.mp4,18,Poorly
15_final.mp4,21,Well
15_final.mp4,24,Poorly
15_final.mp4,27,Well
15_final.mp4,30,Well
15_final.mp4,33,Well
15_final.mp4,36,Well
15_final.mp4,39,Well
15_final.mp4,42,Well
15_final.mp4,45,Well
15_final.mp4,48,Well
15_final.mp4,51,Well
15_final.mp4,54,Poorly
15_final.mp4,57,Well
15_final.mp4,60,Well
15_final.mp4,63,Well
15_final.mp4,66,Well
15_final.mp4,69,Poorly
15_final.mp4,72,Well
15_final.mp4,75,Well
15_final.mp4,78,Well
15_final.mp4,81,Well
15_final.mp4,84,Well
15_final.mp4,87,Well
15_final.mp4,90,Well
15_final.mp4,93,Well
15_final.mp4,96,Well
15_final.mp4,99,Well
15_final.mp4,102,Poorly
15_final.mp4,105,Well
15_final.mp4,108,Well
15_final.mp4,111,Well
15_final.mp4,114,Poorly
15_final.mp4,117,Poorly
15_final.mp4,120,Well
15_final.mp4,123,Poorly
15_final.mp4,126,Well
15_final.mp4,129,Well
15_final.mp4,132,Well
15_final.mp4,135,Well
15_final.mp4,138,Well
15_final.mp4,141,Well
15_final.mp4,144,Well
15_final.mp4,147,Well
15_final.mp4,150,Well
15_final.mp4,153,Well
15_final.mp4,156,Well
15_final.mp4,159,Well
15_final.mp4,162,Well
15_final.mp4,165,Well
15_final.mp4,168,Well
15_final.mp4,171,Well
15_final.mp4,174,Well
15_final.mp4,177,Well
15_final.mp4,180,Well
15_final.mp4,183,Well
15_final.mp4,186,Well
15_final.mp4,189,Well
15_final.mp4,192,Well
15_final.mp4,195,Well
15_final.mp4,198,Well
15_final.mp4,201,Well
15_final.mp4,204,Well
15_final.mp4,207,Well
15_final.mp4,210,Well
15_final.mp4,213,Well
15_final.mp4,216,Well
19_final.mp4,0,Well
19_final.mp4,3,Well
19_final.mp4,6,Well
19_final.mp4,9,Well
19_final.mp4,12,Well
19_final.mp4,15,Well
19_final.mp4,18,Well
19_final.mp4,21,Well
19_final.mp4,24,Well
19_final.mp4,27,Poorly
19_final.mp4,30,Poorly
19_final.mp4,33,Well
19_final.mp4,36,Well
19_final.mp4,39,Well
19_final.mp4,42,Well
19_final.mp4,45,Well
19_final.mp4,48,Well
19_final.mp4,51,Well
19_final.mp4,54,Well
19_final.mp4,57,Well
19_final.mp4,60,Well
19_final.mp4,63,Well
19_final.mp4,66,Well
19_final.mp4,69,Well
19_final.mp4,72,Well
19_final.mp4,75,Well
19_final.mp4,78,Well
19_final.mp4,81,Well
19_final.mp4,84,Well
19_final.mp4,87,Well
19_final.mp4,90,Well
19_final.mp4,93,Well
19_final.mp4,96,Well
19_final.mp4,99,Well
19_final.mp4,102,Well
19_final.mp4,105,Well
19_final.mp4,108,Well
19_final.mp4,111,Well
19_final.mp4,114,Well
19_final.mp4,117,Well
19_final.mp4,120,Well
19_final.mp4,123,Well
19_final.mp4,126,Well
19_final.mp4,129,Well
19_final.mp4,132,Well
19_final.mp4,135,Well
19_final.mp4,138,Well
19_final.mp4,141,Well
19_final.mp4,144,Well
19_final.mp4,147,Well
19_final.mp4,150,Well
19_final.mp4,153,Well
19_final.mp4,156,Poorly
19_final.mp4,159,Well
19_final.mp4,162,Well
19_final.mp4,165,Poorly
19_final.mp4,168,Well
19_final.mp4,171,Poorly
19_final.mp4,174,Well
19_final.mp4,177,Well
19_final.mp4,180,Well
19_final.mp4,183,Well
19_final.mp4,186,Well
19_final.mp4,189,Well
19_final.mp4,192,Well
19_final.mp4,195,Well
19_final.mp4,198,Poorly
19_final.mp4,201,Well
19_final.mp4,204,Well
19_final.mp4,207,Well
19_final.mp4,210,Well
19_final.mp4,213,Well
19_final.mp4,216,Well
19_final.mp4,219,Well
19_final.mp4,222,Well
19_final.mp4,225,Well
19_final.mp4,228,Poorly
19_final.mp4,231,Well
19_final.mp4,234,Well
19_final.mp4,237,Well
19_final.mp4,240,Well
19_final.mp4,243,Well
19_final.mp4,246,Well
19_final.mp4,249,Well
19_final.mp4,252,Well
19_final.mp4,255,Well
19_final.mp4,258,Well
19_final.mp4,261,Well
19_final.mp4,264,Well
19_final.mp4,267,Well
21_final.mp4,0,Well
21_final.mp4,3,Well
21_final.mp4,6,Well
21_final.mp4,9,Well
21_final.mp4,12,Well
21_final.mp4,15,Well
21_final.mp4,18,Well
21_final.mp4,21,Well
21_final.mp4,24,Well
21_final.mp4,27,Well
21_final.mp4,30,Well
21_final.mp4,33,Well
21_final.mp4,36,Well
21_final.mp4,39,Well
21_final.mp4,42,Well
21_final.mp4,45,Well
21_final.mp4,48,Well
21_final.mp4,51,Well
21_final.mp4,54,Well
21_final.mp4,57,Well
21_final.mp4,60,Well
21_final.mp4,63,Well
21_final.mp4,66,Well
21_final.mp4,69,Well
21_final.mp4,72,Well
21_final.mp4,75,Well
21_final.mp4,78,Well
21_final.mp4,81,Well
21_final.mp4,84,Well
21_final.mp4,87,Well
21_final.mp4,90,Well
21_final.mp4,93,Well
21_final.mp4,96,Well
21_final.mp4,99,Well
21_final.mp4,102,Well
21_final.mp4,105,Well
21_final.mp4,108,Well
21_final.mp4,111,Well
21_final.mp4,114,Well
21_final.mp4,117,Well
21_final.mp4,120,Well
21_final.mp4,123,Well
21_final.mp4,126,Well
21_final.mp4,129,Well
21_final.mp4,132,Well
21_final.mp4,135,Well
21_final.mp4,138,Well
21_final.mp4,141,Well
21_final.mp4,144,Well
21_final.mp4,147,Well
21_final.mp4,150,Well
21_final.mp4,153,Well
21_final.mp4,156,Well
21_final.mp4,159,Well
21_final.mp4,162,Well
21_final.mp4,165,Well
21_final.mp4,168,Well
21_final.mp4,171,Well
21_final.mp4,174,Well
21_final.mp4,177,Well
21_final.mp4,180,Poorly
21_final.mp4,183,Well
21_final.mp4,186,Well
21_final.mp4,189,Well
21_final.mp4,192,Well
21_final.mp4,195,Well
21_final.mp4,198,Well
21_final.mp4,201,Well
21_final.mp4,204,Well
21_final.mp4,207,Well
21_final.mp4,210,Well
21_final.mp4,213,Well
21_final.mp4,216,Well
21_final.mp4,219,Well
21_final.mp4,222,Well
21_final.mp4,225,Well
21_final.mp4,228,Well
21_final.mp4,231,Well
21_final.mp4,234,Well
21_final.mp4,237,Well
21_final.mp4,240,Well
21_final.mp4,243,Well
21_final.mp4,246,Well
21_final.mp4,249,Well
21_final.mp4,252,Well
21_final.mp4,255,Well
21_final.mp4,258,Well
21_final.mp4,261,Well
21_final.mp4,264,Well
21_final.mp4,267,Well
21_final.mp4,270,Well
21_final.mp4,273,Well
21_final.mp4,276,Well
21_final.mp4,279,Well
21_final.mp4,282,Well
21_final.mp4,285,Well
21_final.mp4,288,Well
21_final.mp4,291,Well
21_final.mp4,294,Well
21_final.mp4,297,Well
21_final.mp4,300,Well
21_final.mp4,303,Well
21_final.mp4,306,Well
21_final.mp4,309,Well
21_final.mp4,312,Well
21_final.mp4,315,Well
21_final.mp4,318,Well
21_final.mp4,321,Well
21_final.mp4,324,Well
21_final.mp4,327,Well
22_final.mp4,0,Well
22_final.mp4,3,Well
22_final.mp4,6,Well
22_final.mp4,9,Well
22_final.mp4,12,Well
22_final.mp4,15,Well
22_final.mp4,18,Well
22_final.mp4,21,Well
22_final.mp4,24,Well
22_final.mp4,27,Well
22_final.mp4,30,Well
22_final.mp4,33,Well
22_final.mp4,36,Well
22_final.mp4,39,Well
22_final.mp4,42,Well
22_final.mp4,45,Well
22_final.mp4,48,Well
22_final.mp4,51,Well
22_final.mp4,54,Well
22_final.mp4,57,Well
22_final.mp4,60,Well
22_final.mp4,63,Well
22_final.mp4,66,Well
22_final.mp4,69,Well
22_final.mp4,72,Well
22_final.mp4,75,Well
22_final.mp4,78,Well
22_final.mp4,81,Well
22_final.mp4,84,Well
22_final.mp4,87,Well
22_final.mp4,90,Poorly
22_final.mp4,93,Well
22_final.mp4,96,Well
22_final.mp4,99,Well
22_final.mp4,102,Well
22_final.mp4,105,Well
22_final.mp4,108,Well
22_final.mp4,111,Well
22_final.mp4,114,Well
22_final.mp4,117,Well
22_final.mp4,120,Well
22_final.mp4,123,Well
22_final.mp4,126,Well
22_final.mp4,129,Well
22_final.mp4,132,Well
22_final.mp4,135,Well
22_final.mp4,138,Well
22_final.mp4,141,Well
22_final.mp4,144,Poorly
22_final.mp4,147,Well
22_final.mp4,150,Well
22_final.mp4,153,Well
22_final.mp4,156,Well
22_final.mp4,159,Well
22_final.mp4,162,Well
22_final.mp4,165,Well
22_final.mp4,168,Well
22_final.mp4,171,Well
22_final.mp4,174,Well
22_final.mp4,177,Well
22_final.mp4,180,Well
22_final.mp4,183,Well
22_final.mp4,186,Well
22_final.mp4,189,Well
22_final.mp4,192,Well
22_final.mp4,195,Well
22_final.mp4,198,Well
22_final.mp4,201,Well
22_final.mp4,204,Well
24_final.mp4,0,Well
24_final.mp4,3,Well
24_final.mp4,6,Well
24_final.mp4,9,Well
24_final.mp4,12,Well
24_final.mp4,15,Well
24_final.mp4,18,Well
24_final.mp4,21,Well
24_final.mp4,24,Well
24_final.mp4,27,Well
24_final.mp4,30,Well
24_final.mp4,33,Well
24_final.mp4,36,Well
24_final.mp4,39,Well
24_final.mp4,42,Well
24_final.mp4,45,Well
24_final.mp4,48,Well
24_final.mp4,51,Poorly
24_final.mp4,54,Well
24_final.mp4,57,Well
24_final.mp4,60,Well
24_final.mp4,63,Well
24_final.mp4,66,Well
24_final.mp4,69,Well
24_final.mp4,72,Well
24_final.mp4,75,Well
24_final.mp4,78,Well
24_final.mp4,81,Well
24_final.mp4,84,Poorly
24_final.mp4,87,Well
24_final.mp4,90,Well
24_final.mp4,93,Well
24_final.mp4,96,Well
24_final.mp4,99,Well
24_final.mp4,102,Well
24_final.mp4,105,Well
24_final.mp4,108,Well
24_final.mp4,111,Well
24_final.mp4,114,Well
24_final.mp4,117,Well
24_final.mp4,120,Well
24_final.mp4,123,Well
24_final.mp4,126,Well
24_final.mp4,129,Well
24_final.mp4,132,Well
24_final.mp4,135,Well
24_final.mp4,138,Well
24_final.mp4,141,Well
24_final.mp4,144,Well
24_final.mp4,147,Well
24_final.mp4,150,Well
24_final.mp4,153,Well
24_final.mp4,156,Well
24_final.mp4,159,Well
24_final.mp4,162,Well
24_final.mp4,165,Well
24_final.mp4,168,Well
24_final.mp4,171,Well
24_final.mp4,174,Well
24_final.mp4,177,Well
24_final.mp4,180,Well
24_final.mp4,183,Well
24_final.mp4,186,Well
24_final.mp4,189,Well
24_final.mp4,192,Well
24_final.mp4,195,Well
24_final.mp4,198,Well
24_final.mp4,201,Well
24_final.mp4,204,Well
24_final.mp4,207,Well
24_final.mp4,210,Well
24_final.mp4,213,Well
24_final.mp4,216,Well
24_final.mp4,219,Well
24_final.mp4,222,Poorly
24_final.mp4,225,Well
24_final.mp4,228,Well
24_final.mp4,231,Well
24_final.mp4,234,Well
24_final.mp4,237,Well
24_final.mp4,240,Well
24_final.mp4,243,Poorly
24_final.mp4,246,Poorly
24_final.mp4,249,Well
24_final.mp4,252,Poorly
24_final.mp4,255,Well
24_final.mp4,258,Poorly
24_final.mp4,261,Well
24_final.mp4,264,Well
24_final.mp4,267,Well
24_final.mp4,270,Well
24_final.mp4,273,Well
24_final.mp4,276,Well
24_final.mp4,279,Well
24_final.mp4,282,Well
24_final.mp4,285,Well
24_final.mp4,288,Well
24_final.mp4,291,Well
24_final.mp4,294,Well
24_final.mp4,297,Well
24_final.mp4,300,Well
24_final.mp4,303,Well
24_final.mp4,306,Well
24_final.mp4,309,Well
24_final.mp4,312,Well
24_final.mp4,315,Well
24_final.mp4,318,Well
24_final.mp4,321,Well
24_final.mp4,324,Well
24_final.mp4,327,Poorly
24_final.mp4,330,Well
24_final.mp4,333,Well
24_final.mp4,336,Well
24_final.mp4,339,Well
24_final.mp4,342,Well
24_final.mp4,345,Well
24_final.mp4,348,Poorly
24_final.mp4,351,Well
24_final.mp4,354,Well
24_final.mp4,357,Well
24_final.mp4,360,Well
24_final.mp4,363,Well
24_final.mp4,366,Well
24_final.mp4,369,Well
24_final.mp4,372,Well
29_final.mp4,0,Well
29_final.mp4,3,Well
29_final.mp4,6,Well
29_final.mp4,9,Poorly
29_final.mp4,12,Well
29_final.mp4,15,Well
29_final.mp4,18,Poorly
29_final.mp4,21,Well
29_final.mp4,24,Well
29_final.mp4,27,Well
29_final.mp4,30,Well
29_final.mp4,33,Well
29_final.mp4,36,Well
29_final.mp4,39,Well
29_final.mp4,42,Well
29_final.mp4,45,Well
29_final.mp4,48,Well
29_final.mp4,51,Poorly
29_final.mp4,54,Well
29_final.mp4,57,Well
29_final.mp4,60,Poorly
29_final.mp4,63,Well
29_final.mp4,66,Poorly
29_final.mp4,69,Poorly
29_final.mp4,72,Poorly
29_final.mp4,75,Poorly
29_final.mp4,78,Well
29_final.mp4,81,Poorly
29_final.mp4,84,Poorly
29_final.mp4,87,Poorly
29_final.mp4,90,Poorly
29_final.mp4,93,Well
29_final.mp4,96,Well
29_final.mp4,99,Poorly
29_final.mp4,102,Well
29_final.mp4,105,Well
29_final.mp4,108,Well
29_final.mp4,111,Well
29_final.mp4,114,Well
29_final.mp4,117,Well
29_final.mp4,120,Well
29_final.mp4,123,Well
29_final.mp4,126,Well
29_final.mp4,129,Well
29_final.mp4,132,Well
29_final.mp4,135,Well
29_final.mp4,138,Well
29_final.mp4,141,Poorly
29_final.mp4,144,Well
29_final.mp4,147,Well
29_final.mp4,150,Well
29_final.mp4,153,Well
29_final.mp4,156,Well
29_final.mp4,159,Well
29_final.mp4,162,Well
29_final.mp4,165,Well
29_final.mp4,168,Well
29_final.mp4,171,Well
29_final.mp4,174,Well
29_final.mp4,177,Well
29_final.mp4,180,Well
29_final.mp4,183,Well
29_final.mp4,186,Well
29_final.mp4,189,Well
29_final.mp4,192,Well
29_final.mp4,195,Well
29_final.mp4,198,Well
29_final.mp4,201,Well
29_final.mp4,204,Well
29_final.mp4,207,Well
29_final.mp4,210,Well
29_final.mp4,213,Well
29_final.mp4,216,Well
30_final.mp4,0,Well
30_final.mp4,3,Well
30_final.mp4,6,Well
30_final.mp4,9,Well
30_final.mp4,12,Well
30_final.mp4,15,Well
30_final.mp4,18,Well
30_final.mp4,21,Well
30_final.mp4,24,Well
30_final.mp4,27,Well
30_final.mp4,30,Well
30_final.mp4,33,Well
30_final.mp4,36,Well
30_final.mp4,39,Well
30_final.mp4,42,Well
30_final.mp4,45,Well
30_final.mp4,48,Well
30_final.mp4,51,Well
30_final.mp4,54,Well
30_final.mp4,57,Well
30_final.mp4,60,Well
30_final.mp4,63,Well
30_final.mp4,66,Well
30_final.mp4,69,Well
30_final.mp4,72,Well
30_final.mp4,75,Well
30_final.mp4,78,Well
30_final.mp4,81,Well
30_final.mp4,84,Well
30_final.mp4,87,Well
30_final.mp4,90,Well
30_final.mp4,93,Well
30_final.mp4,96,Well
30_final.mp4,99,Well
30_final.mp4,102,Well
30_final.mp4,105,Well
30_final.mp4,108,Well
30_final.mp4,111,Well
30_final.mp4,114,Well
30_final.mp4,117,Well
30_final.mp4,120,Well
30_final.mp4,123,Well
30_final.mp4,126,Well
30_final.mp4,129,Well
30_final.mp4,132,Well
30_final.mp4,135,Well
30_final.mp4,138,Well
30_final.mp4,141,Well
30_final.mp4,144,Well
30_final.mp4,147,Well
30_final.mp4,150,Well
30_final.mp4,153,Well
30_final.mp4,156,Well
30_final.mp4,159,Well
30_final.mp4,162,Well
30_final.mp4,165,Well
30_final.mp4,168,Well
30_final.mp4,171,Well
30_final.mp4,174,Well
30_final.mp4,177,Well
30_final.mp4,180,Well
30_final.mp4,183,Well
30_final.mp4,186,Well
30_final.mp4,189,Well
30_final.mp4,192,Well
30_final.mp4,195,Well
30_final.mp4,198,Well
30_final.mp4,201,Well
30_final.mp4,204,Well
30_final.mp4,207,Well
30_final.mp4,210,Well
30_final.mp4,213,Well
30_final.mp4,216,Well
30_final.mp4,219,Well
30_final.mp4,222,Well
30_final.mp4,225,Well
30_final.mp4,228,Well
30_final.mp4,231,Well
30_final.mp4,234,Well
30_final.mp4,237,Well
30_final.mp4,240,Well
30_final.mp4,243,Well
30_final.mp4,246,Well
30_final.mp4,249,Well
30_final.mp4,252,Well
30_final.mp4,255,Well
30_final.mp4,258,Well
30_final.mp4,261,Well
30_final.mp4,264,Well
30_final.mp4,267,Well
30_final.mp4,270,Well
30_final.mp4,273,Well
30_final.mp4,276,Well
30_final.mp4,279,Well
30_final.mp4,282,Well
30_final.mp4,285,Well
30_final.mp4,288,Well
30_final.mp4,291,Well
30_final.mp4,294,Well
30_final.mp4,297,Well
30_final.mp4,300,Well
30_final.mp4,303,Well
30_final.mp4,306,Well
30_final.mp4,309,Well
30_final.mp4,312,Well
30_final.mp4,315,Well
30_final.mp4,318,Well
30_final.mp4,321,Well
30_final.mp4,324,Well
30_final.mp4,327,Well
30_final.mp4,330,Well
30_final.mp4,333,Well
30_final.mp4,336,Well
30_final.mp4,339,Well
30_final.mp4,342,Well
30_final.mp4,345,Well
30_final.mp4,348,Well
30_final.mp4,351,Well
30_final.mp4,354,Well
30_final.mp4,357,Well
30_final.mp4,360,Well
30_final.mp4,363,Well
30_final.mp4,366,Well
30_final.mp4,369,Well
30_final.mp4,372,Well
30_final.mp4,375,Well
31_final.mp4,0,Well
31_final.mp4,3,Well
31_final.mp4,6,Well
31_final.mp4,9,Well
31_final.mp4,12,Well
31_final.mp4,15,Well
31_final.mp4,18,Well
31_final.mp4,21,Well
31_final.mp4,24,Well
31_final.mp4,27,Well
31_final.mp4,30,Well
31_final.mp4,33,Well
31_final.mp4,36,Well
31_final.mp4,39,Well
31_final.mp4,42,Well
31_final.mp4,45,Well
31_final.mp4,48,Well
31_final.mp4,51,Well
31_final.mp4,54,Well
31_final.mp4,57,Well
31_final.mp4,60,Well
31_final.mp4,63,Well
31_final.mp4,66,Well
31_final.mp4,69,Well
31_final.mp4,72,Well
31_final.mp4,75,Well
31_final.mp4,78,Well
31_final.mp4,81,Well
31_final.mp4,84,Well
31_final.mp4,87,Well
31_final.mp4,90,Well
31_final.mp4,93,Well
31_final.mp4,96,Well
31_final.mp4,99,Well
31_final.mp4,102,Well
31_final.mp4,105,Well
31_final.mp4,108,Well
31_final.mp4,111,Well
31_final.mp4,114,Well
31_final.mp4,117,Well
31_final.mp4,120,Well
31_final.mp4,123,Well
31_final.mp4,126,Well
31_final.mp4,129,Well
31_final.mp4,132,Well
31_final.mp4,135,Well
31_final.mp4,138,Well
31_final.mp4,141,Well
31_final.mp4,144,Well
31_final.mp4,147,Well
31_final.mp4,150,Well
31_final.mp4,153,Well
31_final.mp4,156,Well
31_final.mp4,159,Well
31_final.mp4,162,Well
31_final.mp4,165,Well
31_final.mp4,168,Well
31_final.mp4,171,Well
31_final.mp4,174,Well
31_final.mp4,177,Well
31_final.mp4,180,Well
31_final.mp4,183,Well
31_final.mp4,186,Well
31_final.mp4,189,Well
31_final.mp4,192,Well
31_final.mp4,195,Well
31_final.mp4,198,Well
31_final.mp4,201,Well
31_final.mp4,204,Well
31_final.mp4,207,Well
31_final.mp4,210,Well
31_final.mp4,213,Well
31_final.mp4,216,Well
31_final.mp4,219,Well
31_final.mp4,222,Well
31_final.mp4,225,Well
31_final.mp4,228,Well
31_final.mp4,231,Well
31_final.mp4,234,Well
31_final.mp4,237,Well
31_final.mp4,240,Well
31_final.mp4,243,Well
31_final.mp4,246,Well
31_final.mp4,249,Well
31_final.mp4,252,Well
31_final.mp4,255,Well
31_final.mp4,258,Well
31_final.mp4,261,Well
31_final.mp4,264,Well
31_final.mp4,267,Well
31_final.mp4,270,Well
31_final.mp4,273,Well
31_final.mp4,276,Well
31_final.mp4,279,Well
31_final.mp4,282,Well
31_final.mp4,285,Well
31_final.mp4,288,Well
31_final.mp4,291,Well
31_final.mp4,294,Well
33_final.mp4,0,Well
33_final.mp4,3,Well
33_final.mp4,6,Well
33_final.mp4,9,Well
33_final.mp4,12,Well
33_final.mp4,15,Well
33_final.mp4,18,Well
33_final.mp4,21,Well
33_final.mp4,24,Well
33_final.mp4,27,Well
33_final.mp4,30,Well
33_final.mp4,33,Well
33_final.mp4,36,Well
33_final.mp4,39,Well
33_final.mp4,42,Well
33_final.mp4,45,Well
33_final.mp4,48,Well
33_final.mp4,51,Well
33_final.mp4,54,Well
33_final.mp4,57,Well
33_final.mp4,60,Well
33_final.mp4,63,Well
33_final.mp4,66,Well
33_final.mp4,69,Well
33_final.mp4,72,Well
33_final.mp4,75,Well
33_final.mp4,78,Well
33_final.mp4,81,Well
33_final.mp4,84,Well
33_final.mp4,87,Well
33_final.mp4,90,Poorly
33_final.mp4,93,Well
33_final.mp4,96,Well
33_final.mp4,99,Well
33_final.mp4,102,Well
33_final.mp4,105,Well
33_final.mp4,108,Well
33_final.mp4,111,Well
33_final.mp4,114,Poorly
33_final.mp4,117,Well
33_final.mp4,120,Well
33_final.mp4,123,Well
33_final.mp4,126,Well
33_final.mp4,129,Poorly
33_final.mp4,132,Well
33_final.mp4,135,Well
33_final.mp4,138,Well
33_final.mp4,141,Well
33_final.mp4,144,Well
33_final.mp4,147,Well
33_final.mp4,150,Well
33_final.mp4,153,Well
33_final.mp4,156,Poorly
33_final.mp4,159,Poorly
33_final.mp4,162,Well
33_final.mp4,165,Well
33_final.mp4,168,Poorly
33_final.mp4,171,Well
33_final.mp4,174,Well
33_final.mp4,177,Poorly
33_final.mp4,180,Well
33_final.mp4,183,Well
33_final.mp4,186,Poorly
33_final.mp4,189,Poorly
33_final.mp4,192,Well
33_final.mp4,195,Well
33_final.mp4,198,Poorly
33_final.mp4,201,Poorly
33_final.mp4,204,Poorly
33_final.mp4,207,Well
33_final.mp4,210,Poorly
33_final.mp4,213,Well
33_final.mp4,216,Well
33_final.mp4,219,Poorly
34_final.mp4,0,Well
34_final.mp4,3,Well
34_final.mp4,6,Well
34_final.mp4,9,Well
34_final.mp4,12,Well
34_final.mp4,15,Well
34_final.mp4,18,Well
34_final.mp4,21,Well
34_final.mp4,24,Well
34_final.mp4,27,Well
34_final.mp4,30,Well
34_final.mp4,33,Poorly
34_final.mp4,36,Poorly
34_final.mp4,39,Poorly
34_final.mp4,42,Poorly
34_final.mp4,45,Poorly
34_final.mp4,48,Poorly
34_final.mp4,51,Poorly
34_final.mp4,54,Poorly
34_final.mp4,57,Poorly
34_final.mp4,60,Poorly
34_final.mp4,63,Poorly
34_final.mp4,66,Poorly
34_final.mp4,69,Poorly
34_final.mp4,72,Poorly
34_final.mp4,75,Poorly
34_final.mp4,78,Poorly
34_final.mp4,81,Poorly
34_final.mp4,84,Poorly
34_final.mp4,87,Poorly
34_final.mp4,90,Poorly
34_final.mp4,93,Poorly
34_final.mp4,96,Poorly
34_final.mp4,99,Poorly
34_final.mp4,102,Poorly
34_final.mp4,105,Poorly
34_final.mp4,108,Poorly
34_final.mp4,111,Poorly
34_final.mp4,114,Poorly
34_final.mp4,117,Poorly
34_final.mp4,120,Poorly
34_final.mp4,123,Poorly
34_final.mp4,126,Poorly
34_final.mp4,129,Poorly
34_final.mp4,132,Poorly
34_final.mp4,135,Poorly
34_final.mp4,138,Poorly
34_final.mp4,141,Poorly
34_final.mp4,144,Poorly
34_final.mp4,147,Poorly
34_final.mp4,150,Poorly
34_final.mp4,153,Poorly
34_final.mp4,156,Poorly
34_final.mp4,159,Poorly
34_final.mp4,162,Poorly
34_final.mp4,165,Poorly
34_final.mp4,168,Poorly
34_final.mp4,171,Poorly
34_final.mp4,174,Poorly
34_final.mp4,177,Poorly
34_final.mp4,180,Poorly
34_final.mp4,183,Poorly
34_final.mp4,186,Poorly
34_final.mp4,189,Poorly
34_final.mp4,192,Poorly
34_final.mp4,195,Poorly
34_final.mp4,198,Poorly
34_final.mp4,201,Poorly
34_final.mp4,204,Poorly
34_final.mp4,207,Poorly
34_final.mp4,210,Poorly
40_final.mp4,0,Well
40_final.mp4,3,Well
40_final.mp4,6,Well
40_final.mp4,9,Well
40_final.mp4,12,Well
40_final.mp4,15,Well
40_final.mp4,18,Well
40_final.mp4,21,Well
40_final.mp4,24,Well
40_final.mp4,27,Well
40_final.mp4,30,Well
40_final.mp4,33,Well
40_final.mp4,36,Well
40_final.mp4,39,Well
40_final.mp4,42,Well
40_final.mp4,45,Well
40_final.mp4,48,Well
40_final.mp4,51,Well
40_final.mp4,54,Well
40_final.mp4,57,Well
40_final.mp4,60,Well
40_final.mp4,63,Well
40_final.mp4,66,Well
40_final.mp4,69,Well
40_final.mp4,72,Well
40_final.mp4,75,Well
40_final.mp4,78,Well
40_final.mp4,81,Well
40_final.mp4,84,Well
40_final.mp4,87,Well
40_final.mp4,90,Well
40_final.mp4,93,Well
40_final.mp4,96,Well
40_final.mp4,99,Well
40_final.mp4,102,Well
40_final.mp4,105,Well
40_final.mp4,108,Well
40_final.mp4,111,Well
40_final.mp4,114,Well
40_final.mp4,117,Well
40_final.mp4,120,Well
40_final.mp4,123,Well
40_final.mp4,126,Well
40_final.mp4,129,Well
40_final.mp4,132,Well
40_final.mp4,135,Well
40_final.mp4,138,Well
40_final.mp4,141,Well
40_final.mp4,144,Well
40_final.mp4,147,Well
40_final.mp4,150,Well
40_final.mp4,153,Well
40_final.mp4,156,Well
40_final.mp4,159,Well
40_final.mp4,162,Well
40_final.mp4,165,Well
40_final.mp4,168,Well
40_final.mp4,171,Well
40_final.mp4,174,Well
40_final.mp4,177,Well
40_final.mp4,180,Well
40_final.mp4,183,Well
40_final.mp4,186,Well
40_final.mp4,189,Well
40_final.mp4,192,Well
40_final.mp4,195,Well
40_final.mp4,198,Well
40_final.mp4,201,Well
40_final.mp4,204,Well
40_final.mp4,207,Well
40_final.mp4,210,Well
40_final.mp4,213,Well
40_final.mp4,216,Well
40_final.mp4,219,Well
40_final.mp4,222,Well
40_final.mp4,225,Well
40_final.mp4,228,Well
40_final.mp4,231,Well
40_final.mp4,234,Well
40_final.mp4,237,Well
40_final.mp4,240,Well
40_final.mp4,243,Well
40_final.mp4,246,Well
40_final.mp4,249,Well
41_final.mp4,0,Poorly
41_final.mp4,3,Well
41_final.mp4,6,Poorly
41_final.mp4,9,Poorly
41_final.mp4,12,Poorly
41_final.mp4,15,Well
41_final.mp4,18,Poorly
41_final.mp4,21,Poorly
41_final.mp4,24,Poorly
41_final.mp4,27,Poorly
41_final.mp4,30,Poorly
41_final.mp4,33,Poorly
41_final.mp4,36,Poorly
41_final.mp4,39,Poorly
41_final.mp4,42,Poorly
41_final.mp4,45,Well
41_final.mp4,48,Poorly
41_final.mp4,51,Poorly
41_final.mp4,54,Poorly
41_final.mp4,57,Poorly
41_final.mp4,60,Well
41_final.mp4,63,Poorly
41_final.mp4,66,Poorly
41_final.mp4,69,Well
41_final.mp4,72,Well
41_final.mp4,75,Well
41_final.mp4,78,Well
41_final.mp4,81,Poorly
41_final.mp4,84,Well
41_final.mp4,87,Well
41_final.mp4,90,Well
41_final.mp4,93,Poorly
41_final.mp4,96,Well
41_final.mp4,99,Poorly
41_final.mp4,102,Poorly
41_final.mp4,105,Well
41_final.mp4,108,Poorly
41_final.mp4,111,Well
41_final.mp4,114,Poorly
41_final.mp4,117,Poorly
41_final.mp4,120,Well
41_final.mp4,123,Well
41_final.mp4,126,Poorly
41_final.mp4,129,Well
41_final.mp4,132,Well
41_final.mp4,135,Well
41_final.mp4,138,Well
41_final.mp4,141,Poorly
41_final.mp4,144,Well
41_final.mp4,147,Well
41_final.mp4,150,Well
41_final.mp4,153,Poorly
41_final.mp4,156,Well
41_final.mp4,159,Poorly
41_final.mp4,162,Well
41_final.mp4,165,Well
41_final.mp4,168,Well
41_final.mp4,171,Well
41_final.mp4,174,Poorly
41_final.mp4,177,Poorly
41_final.mp4,180,Well
41_final.mp4,183,Well
41_final.mp4,186,Well
41_final.mp4,189,Well
41_final.mp4,192,Well
41_final.mp4,195,Well
41_final.mp4,198,Well
41_final.mp4,201,Well
41_final.mp4,204,Well
41_final.mp4,207,Well
41_final.mp4,210,Well
41_final.mp4,213,Well
41_final.mp4,216,Well
41_final.mp4,219,Well
41_final.mp4,222,Well
41_final.mp4,225,Well
41_final.mp4,228,Well
41_final.mp4,231,Well
41_final.mp4,234,Well
41_final.mp4,237,Well
41_final.mp4,240,Well
41_final.mp4,243,Well
41_final.mp4,246,Well
41_final.mp4,249,Well
41_final.mp4,252,Well
41_final.mp4,255,Well
41_final.mp4,258,Well
41_final.mp4,261,Well
41_final.mp4,264,Well
41_final.mp4,267,Well
41_final.mp4,270,Well
44_final.mp4,0,Well
44_final.mp4,3,Well
44_final.mp4,6,Poorly
44_final.mp4,9,Well
44_final.mp4,12,Well
44_final.mp4,15,Well
44_final.mp4,18,Poorly
44_final.mp4,21,Poorly
44_final.mp4,24,Well
44_final.mp4,27,Well
44_final.mp4,30,Well
44_final.mp4,33,Well
44_final.mp4,36,Well
44_final.mp4,39,Well
44_final.mp4,42,Well
44_final.mp4,45,Well
44_final.mp4,48,Well
44_final.mp4,51,Well
44_final.mp4,54,Well
44_final.mp4,57,Well
44_final.mp4,60,Poorly
44_final.mp4,63,Well
44_final.mp4,66,Well
44_final.mp4,69,Well
44_final.mp4,72,Poorly
44_final.mp4,75,Well
44_final.mp4,78,Poorly
44_final.mp4,81,Poorly
44_final.mp4,84,Well
44_final.mp4,87,Poorly
44_final.mp4,90,Poorly
44_final.mp4,93,Poorly
44_final.mp4,96,Well
44_final.mp4,99,Poorly
44_final.mp4,102,Poorly
44_final.mp4,105,Well
44_final.mp4,108,Well
44_final.mp4,111,Well
44_final.mp4,114,Well
44_final.mp4,117,Well
44_final.mp4,120,Well
44_final.mp4,123,Poorly
44_final.mp4,126,Poorly
44_final.mp4,129,Poorly
44_final.mp4,132,Poorly
44_final.mp4,135,Poorly
44_final.mp4,138,Poorly
44_final.mp4,141,Poorly
44_final.mp4,144,Poorly
44_final.mp4,147,Poorly
44_final.mp4,150,Poorly
44_final.mp4,153,Poorly
44_final.mp4,156,Poorly
44_final.mp4,159,Well
44_final.mp4,162,Poorly
44_final.mp4,165,Poorly
44_final.mp4,168,Poorly
44_final.mp4,171,Poorly
44_final.mp4,174,Poorly
44_final.mp4,177,Poorly
44_final.mp4,180,Well
44_final.mp4,183,Poorly
44_final.mp4,186,Poorly
44_final.mp4,189,Well
44_final.mp4,192,Well
44_final.mp4,195,Poorly
44_final.mp4,198,Well
44_final.mp4,201,Poorly
44_final.mp4,204,Well
44_final.mp4,207,Poorly
44_final.mp4,210,Poorly
44_final.mp4,213,Well
44_final.mp4,216,Well
44_final.mp4,219,Well
44_final.mp4,222,Poorly
44_final.mp4,225,Poorly
44_final.mp4,228,Well
46_final.mp4,0,Well
46_final.mp4,3,Well
46_final.mp4,6,Well
46_final.mp4,9,Well
46_final.mp4,12,Well
46_final.mp4,15,Well
46_final.mp4,18,Well
46_final.mp4,21,Well
46_final.mp4,24,Well
46_final.mp4,27,Well
46_final.mp4,30,Well
46_final.mp4,33,Well
46_final.mp4,36,Well
46_final.mp4,39,Well
46_final.mp4,42,Well
46_final.mp4,45,Well
46_final.mp4,48,Well
46_final.mp4,51,Well
46_final.mp4,54,Poorly
46_final.mp4,57,Well
46_final.mp4,60,Well
46_final.mp4,63,Well
46_final.mp4,66,Well
46_final.mp4,69,Well
46_final.mp4,72,Well
46_final.mp4,75,Well
46_final.mp4,78,Well
46_final.mp4,81,Well
46_final.mp4,84,Well
46_final.mp4,87,Well
46_final.mp4,90,Well
46_final.mp4,93,Well
46_final.mp4,96,Well
46_final.mp4,99,Well
46_final.mp4,102,Well
46_final.mp4,105,Well
46_final.mp4,108,Well
46_final.mp4,111,Well
46_final.mp4,114,Well
46_final.mp4,117,Poorly
46_final.mp4,120,Well
46_final.mp4,123,Well
46_final.mp4,126,Well
46_final.mp4,129,Well
46_final.mp4,132,Well
46_final.mp4,135,Well
46_final.mp4,138,Well
46_final.mp4,141,Well
46_final.mp4,144,Well
46_final.mp4,147,Well
46_final.mp4,150,Poorly
46_final.mp4,153,Well
46_final.mp4,156,Well
46_final.mp4,159,Well
46_final.mp4,162,Well
46_final.mp4,165,Well
46_final.mp4,168,Poorly
46_final.mp4,171,Well
46_final.mp4,174,Well
46_final.mp4,177,Well
46_final.mp4,180,Well
46_final.mp4,183,Well
46_final.mp4,186,Well
46_final.mp4,189,Poorly
46_final.mp4,192,Well
46_final.mp4,195,Well
46_final.mp4,198,Well
46_final.mp4,201,Well
46_final.mp4,204,Well
46_final.mp4,207,Poorly
46_final.mp4,210,Well
46_final.mp4,213,Well
46_final.mp4,216,Well
46_final.mp4,219,Well
46_final.mp4,222,Well
46_final.mp4,225,Well
46_final.mp4,228,Well
46_final.mp4,231,Well
46_final.mp4,234,Well
46_final.mp4,237,Well
46_final.mp4,240,Well
46_final.mp4,243,Well
46_final.mp4,246,Poorly
46_final.mp4,249,Well
46_final.mp4,252,Well
46_final.mp4,255,Well
46_final.mp4,258,Well
46_final.mp4,261,Well
46_final.mp4,264,Well
46_final.mp4,267,Well
46_final.mp4,270,Well
46_final.mp4,273,Well
46_final.mp4,276,Well
46_final.mp4,279,Well
46_final.mp4,282,Poorly
46_final.mp4,285,Well
46_final.mp4,288,Well
46_final.mp4,291,Poorly
46_final.mp4,294,Well
46_final.mp4,297,Well
