model,dataset_duration,participant,frame_file,frame_name,outcome_prediction,video_name
gemma3_3s,3s,1048,q_10_main_0_30fps_frame0015.png,q_10_main_0_30fps_frame0015,poorly,q_10
gemma3_3s,3s,1048,q_10_main_0_30fps_frame0030.png,q_10_main_0_30fps_frame0030,poorly,q_10
gemma3_3s,3s,1048,q_10_main_0_30fps_frame0045.png,q_10_main_0_30fps_frame0045,poorly,q_10
gemma3_3s,3s,1048,q_10_main_0_30fps_frame0060.png,q_10_main_0_30fps_frame0060,poorly,q_10
gemma3_3s,3s,1048,q_10_main_0_30fps_frame0075.png,q_10_main_0_30fps_frame0075,poorly,q_10
gemma3_3s,3s,1048,q_10_main_0_30fps_frame0090.png,q_10_main_0_30fps_frame0090,poorly,q_10
gemma3_3s,3s,1048,q_12_main_1_30fps_frame0015.png,q_12_main_1_30fps_frame0015,poorly,q_12
gemma3_3s,3s,1048,q_12_main_1_30fps_frame0030.png,q_12_main_1_30fps_frame0030,poorly,q_12
gemma3_3s,3s,1048,q_12_main_1_30fps_frame0045.png,q_12_main_1_30fps_frame0045,poorly,q_12
gemma3_3s,3s,1048,q_12_main_1_30fps_frame0060.png,q_12_main_1_30fps_frame0060,poorly,q_12
gemma3_3s,3s,1048,q_12_main_1_30fps_frame0075.png,q_12_main_1_30fps_frame0075,poorly,q_12
gemma3_3s,3s,1048,q_12_main_1_30fps_frame0090.png,q_12_main_1_30fps_frame0090,poorly,q_12
gemma3_3s,3s,1048,q_14_main_0_30fps_frame0014.png,q_14_main_0_30fps_frame0014,poorly,q_14
gemma3_3s,3s,1048,q_14_main_0_30fps_frame0029.png,q_14_main_0_30fps_frame0029,poorly,q_14
gemma3_3s,3s,1048,q_14_main_0_30fps_frame0044.png,q_14_main_0_30fps_frame0044,poorly,q_14
gemma3_3s,3s,1048,q_14_main_0_30fps_frame0059.png,q_14_main_0_30fps_frame0059,poorly,q_14
gemma3_3s,3s,1048,q_14_main_0_30fps_frame0074.png,q_14_main_0_30fps_frame0074,poorly,q_14
gemma3_3s,3s,1048,q_14_main_0_30fps_frame0089.png,q_14_main_0_30fps_frame0089,poorly,q_14
gemma3_3s,3s,1048,q_15_main_1_30fps_frame0013.png,q_15_main_1_30fps_frame0013,poorly,q_15
gemma3_3s,3s,1048,q_15_main_1_30fps_frame0028.png,q_15_main_1_30fps_frame0028,poorly,q_15
gemma3_3s,3s,1048,q_15_main_1_30fps_frame0043.png,q_15_main_1_30fps_frame0043,poorly,q_15
gemma3_3s,3s,1048,q_15_main_1_30fps_frame0058.png,q_15_main_1_30fps_frame0058,poorly,q_15
gemma3_3s,3s,1048,q_15_main_1_30fps_frame0073.png,q_15_main_1_30fps_frame0073,poorly,q_15
gemma3_3s,3s,1048,q_15_main_1_30fps_frame0088.png,q_15_main_1_30fps_frame0088,poorly,q_15
gemma3_3s,3s,1048,q_17_main_1_30fps_frame0013.png,q_17_main_1_30fps_frame0013,poorly,q_17
gemma3_3s,3s,1048,q_17_main_1_30fps_frame0028.png,q_17_main_1_30fps_frame0028,poorly,q_17
gemma3_3s,3s,1048,q_17_main_1_30fps_frame0043.png,q_17_main_1_30fps_frame0043,poorly,q_17
gemma3_3s,3s,1048,q_17_main_1_30fps_frame0058.png,q_17_main_1_30fps_frame0058,poorly,q_17
gemma3_3s,3s,1048,q_17_main_1_30fps_frame0073.png,q_17_main_1_30fps_frame0073,poorly,q_17
gemma3_3s,3s,1048,q_17_main_1_30fps_frame0088.png,q_17_main_1_30fps_frame0088,poorly,q_17
gemma3_3s,3s,1048,q_20_main_0_30fps_frame0014.png,q_20_main_0_30fps_frame0014,poorly,q_20
gemma3_3s,3s,1048,q_20_main_0_30fps_frame0029.png,q_20_main_0_30fps_frame0029,poorly,q_20
gemma3_3s,3s,1048,q_20_main_0_30fps_frame0044.png,q_20_main_0_30fps_frame0044,well,q_20
gemma3_3s,3s,1048,q_20_main_0_30fps_frame0059.png,q_20_main_0_30fps_frame0059,poorly,q_20
gemma3_3s,3s,1048,q_20_main_0_30fps_frame0074.png,q_20_main_0_30fps_frame0074,poorly,q_20
gemma3_3s,3s,1048,q_20_main_0_30fps_frame0089.png,q_20_main_0_30fps_frame0089,poorly,q_20
gemma3_3s,3s,1048,q_23_main_0_30fps_frame0014.png,q_23_main_0_30fps_frame0014,poorly,q_23
gemma3_3s,3s,1048,q_23_main_0_30fps_frame0029.png,q_23_main_0_30fps_frame0029,poorly,q_23
gemma3_3s,3s,1048,q_23_main_0_30fps_frame0044.png,q_23_main_0_30fps_frame0044,poorly,q_23
gemma3_3s,3s,1048,q_23_main_0_30fps_frame0059.png,q_23_main_0_30fps_frame0059,poorly,q_23
gemma3_3s,3s,1048,q_23_main_0_30fps_frame0074.png,q_23_main_0_30fps_frame0074,poorly,q_23
gemma3_3s,3s,1048,q_23_main_0_30fps_frame0089.png,q_23_main_0_30fps_frame0089,poorly,q_23
gemma3_3s,3s,1048,q_24_main_0_30fps_frame0014.png,q_24_main_0_30fps_frame0014,poorly,q_24
gemma3_3s,3s,1048,q_24_main_0_30fps_frame0029.png,q_24_main_0_30fps_frame0029,poorly,q_24
gemma3_3s,3s,1048,q_24_main_0_30fps_frame0044.png,q_24_main_0_30fps_frame0044,poorly,q_24
gemma3_3s,3s,1048,q_24_main_0_30fps_frame0059.png,q_24_main_0_30fps_frame0059,poorly,q_24
gemma3_3s,3s,1048,q_24_main_0_30fps_frame0074.png,q_24_main_0_30fps_frame0074,poorly,q_24
gemma3_3s,3s,1048,q_24_main_0_30fps_frame0089.png,q_24_main_0_30fps_frame0089,poorly,q_24
gemma3_3s,3s,1048,q_25_main_0_30fps_frame0014.png,q_25_main_0_30fps_frame0014,poorly,q_25
gemma3_3s,3s,1048,q_25_main_0_30fps_frame0029.png,q_25_main_0_30fps_frame0029,poorly,q_25
gemma3_3s,3s,1048,q_25_main_0_30fps_frame0044.png,q_25_main_0_30fps_frame0044,poorly,q_25
gemma3_3s,3s,1048,q_25_main_0_30fps_frame0059.png,q_25_main_0_30fps_frame0059,poorly,q_25
gemma3_3s,3s,1048,q_25_main_0_30fps_frame0074.png,q_25_main_0_30fps_frame0074,poorly,q_25
gemma3_3s,3s,1048,q_25_main_0_30fps_frame0089.png,q_25_main_0_30fps_frame0089,poorly,q_25
gemma3_3s,3s,1048,q_29_main_0_30fps_frame0015.png,q_29_main_0_30fps_frame0015,poorly,q_29
gemma3_3s,3s,1048,q_29_main_0_30fps_frame0030.png,q_29_main_0_30fps_frame0030,poorly,q_29
gemma3_3s,3s,1048,q_29_main_0_30fps_frame0045.png,q_29_main_0_30fps_frame0045,poorly,q_29
gemma3_3s,3s,1048,q_29_main_0_30fps_frame0060.png,q_29_main_0_30fps_frame0060,poorly,q_29
gemma3_3s,3s,1048,q_29_main_0_30fps_frame0075.png,q_29_main_0_30fps_frame0075,poorly,q_29
gemma3_3s,3s,1048,q_29_main_0_30fps_frame0090.png,q_29_main_0_30fps_frame0090,poorly,q_29
gemma3_3s,3s,1048,q_2_main_1_30fps_frame0014.png,q_2_main_1_30fps_frame0014,poorly,q_2
gemma3_3s,3s,1048,q_2_main_1_30fps_frame0029.png,q_2_main_1_30fps_frame0029,poorly,q_2
gemma3_3s,3s,1048,q_2_main_1_30fps_frame0044.png,q_2_main_1_30fps_frame0044,poorly,q_2
gemma3_3s,3s,1048,q_2_main_1_30fps_frame0059.png,q_2_main_1_30fps_frame0059,poorly,q_2
gemma3_3s,3s,1048,q_2_main_1_30fps_frame0074.png,q_2_main_1_30fps_frame0074,poorly,q_2
gemma3_3s,3s,1048,q_2_main_1_30fps_frame0089.png,q_2_main_1_30fps_frame0089,poorly,q_2
gemma3_3s,3s,1048,q_30_main_0_30fps_frame0014.png,q_30_main_0_30fps_frame0014,poorly,q_30
gemma3_3s,3s,1048,q_30_main_0_30fps_frame0029.png,q_30_main_0_30fps_frame0029,poorly,q_30
gemma3_3s,3s,1048,q_30_main_0_30fps_frame0044.png,q_30_main_0_30fps_frame0044,poorly,q_30
gemma3_3s,3s,1048,q_30_main_0_30fps_frame0059.png,q_30_main_0_30fps_frame0059,poorly,q_30
gemma3_3s,3s,1048,q_30_main_0_30fps_frame0074.png,q_30_main_0_30fps_frame0074,poorly,q_30
gemma3_3s,3s,1048,q_30_main_0_30fps_frame0089.png,q_30_main_0_30fps_frame0089,poorly,q_30
gemma3_3s,3s,1048,q_4_main_1_30fps_frame0014.png,q_4_main_1_30fps_frame0014,poorly,q_4
gemma3_3s,3s,1048,q_4_main_1_30fps_frame0029.png,q_4_main_1_30fps_frame0029,poorly,q_4
gemma3_3s,3s,1048,q_4_main_1_30fps_frame0044.png,q_4_main_1_30fps_frame0044,poorly,q_4
gemma3_3s,3s,1048,q_4_main_1_30fps_frame0059.png,q_4_main_1_30fps_frame0059,poorly,q_4
gemma3_3s,3s,1048,q_4_main_1_30fps_frame0074.png,q_4_main_1_30fps_frame0074,poorly,q_4
gemma3_3s,3s,1048,q_4_main_1_30fps_frame0089.png,q_4_main_1_30fps_frame0089,poorly,q_4
gemma3_3s,3s,1048,q_6_main_1_30fps_frame0015.png,q_6_main_1_30fps_frame0015,poorly,q_6
gemma3_3s,3s,1048,q_6_main_1_30fps_frame0030.png,q_6_main_1_30fps_frame0030,poorly,q_6
gemma3_3s,3s,1048,q_6_main_1_30fps_frame0045.png,q_6_main_1_30fps_frame0045,poorly,q_6
gemma3_3s,3s,1048,q_6_main_1_30fps_frame0060.png,q_6_main_1_30fps_frame0060,poorly,q_6
gemma3_3s,3s,1048,q_6_main_1_30fps_frame0075.png,q_6_main_1_30fps_frame0075,poorly,q_6
gemma3_3s,3s,1048,q_6_main_1_30fps_frame0090.png,q_6_main_1_30fps_frame0090,poorly,q_6
gemma3_3s,3s,1251,q_10_main_0_30fps_frame0015.png,q_10_main_0_30fps_frame0015,poorly,q_10
gemma3_3s,3s,1251,q_10_main_0_30fps_frame0030.png,q_10_main_0_30fps_frame0030,poorly,q_10
gemma3_3s,3s,1251,q_10_main_0_30fps_frame0045.png,q_10_main_0_30fps_frame0045,poorly,q_10
gemma3_3s,3s,1251,q_10_main_0_30fps_frame0060.png,q_10_main_0_30fps_frame0060,poorly,q_10
gemma3_3s,3s,1251,q_10_main_0_30fps_frame0075.png,q_10_main_0_30fps_frame0075,poorly,q_10
gemma3_3s,3s,1251,q_10_main_0_30fps_frame0090.png,q_10_main_0_30fps_frame0090,poorly,q_10
gemma3_3s,3s,1251,q_11_main_1_30fps_frame0014.png,q_11_main_1_30fps_frame0014,poorly,q_11
gemma3_3s,3s,1251,q_11_main_1_30fps_frame0029.png,q_11_main_1_30fps_frame0029,poorly,q_11
gemma3_3s,3s,1251,q_11_main_1_30fps_frame0044.png,q_11_main_1_30fps_frame0044,poorly,q_11
gemma3_3s,3s,1251,q_11_main_1_30fps_frame0059.png,q_11_main_1_30fps_frame0059,poorly,q_11
gemma3_3s,3s,1251,q_11_main_1_30fps_frame0074.png,q_11_main_1_30fps_frame0074,poorly,q_11
gemma3_3s,3s,1251,q_11_main_1_30fps_frame0089.png,q_11_main_1_30fps_frame0089,poorly,q_11
gemma3_3s,3s,1251,q_12_main_1_30fps_frame0015.png,q_12_main_1_30fps_frame0015,poorly,q_12
gemma3_3s,3s,1251,q_12_main_1_30fps_frame0030.png,q_12_main_1_30fps_frame0030,poorly,q_12
gemma3_3s,3s,1251,q_12_main_1_30fps_frame0045.png,q_12_main_1_30fps_frame0045,poorly,q_12
gemma3_3s,3s,1251,q_12_main_1_30fps_frame0060.png,q_12_main_1_30fps_frame0060,poorly,q_12
gemma3_3s,3s,1251,q_12_main_1_30fps_frame0075.png,q_12_main_1_30fps_frame0075,poorly,q_12
gemma3_3s,3s,1251,q_12_main_1_30fps_frame0090.png,q_12_main_1_30fps_frame0090,poorly,q_12
gemma3_3s,3s,1251,q_1_main_0_30fps_frame0015.png,q_1_main_0_30fps_frame0015,poorly,q_1
gemma3_3s,3s,1251,q_1_main_0_30fps_frame0030.png,q_1_main_0_30fps_frame0030,poorly,q_1
gemma3_3s,3s,1251,q_1_main_0_30fps_frame0045.png,q_1_main_0_30fps_frame0045,poorly,q_1
gemma3_3s,3s,1251,q_1_main_0_30fps_frame0060.png,q_1_main_0_30fps_frame0060,poorly,q_1
gemma3_3s,3s,1251,q_1_main_0_30fps_frame0075.png,q_1_main_0_30fps_frame0075,poorly,q_1
gemma3_3s,3s,1251,q_1_main_0_30fps_frame0090.png,q_1_main_0_30fps_frame0090,poorly,q_1
gemma3_3s,3s,1251,q_21_main_0_30fps_frame0015.png,q_21_main_0_30fps_frame0015,poorly,q_21
gemma3_3s,3s,1251,q_21_main_0_30fps_frame0030.png,q_21_main_0_30fps_frame0030,poorly,q_21
gemma3_3s,3s,1251,q_21_main_0_30fps_frame0045.png,q_21_main_0_30fps_frame0045,poorly,q_21
gemma3_3s,3s,1251,q_21_main_0_30fps_frame0060.png,q_21_main_0_30fps_frame0060,poorly,q_21
gemma3_3s,3s,1251,q_21_main_0_30fps_frame0075.png,q_21_main_0_30fps_frame0075,poorly,q_21
gemma3_3s,3s,1251,q_21_main_0_30fps_frame0090.png,q_21_main_0_30fps_frame0090,poorly,q_21
gemma3_3s,3s,1251,q_22_main_0_30fps_frame0015.png,q_22_main_0_30fps_frame0015,poorly,q_22
gemma3_3s,3s,1251,q_22_main_0_30fps_frame0030.png,q_22_main_0_30fps_frame0030,poorly,q_22
gemma3_3s,3s,1251,q_22_main_0_30fps_frame0045.png,q_22_main_0_30fps_frame0045,poorly,q_22
gemma3_3s,3s,1251,q_22_main_0_30fps_frame0060.png,q_22_main_0_30fps_frame0060,poorly,q_22
gemma3_3s,3s,1251,q_22_main_0_30fps_frame0075.png,q_22_main_0_30fps_frame0075,poorly,q_22
gemma3_3s,3s,1251,q_22_main_0_30fps_frame0090.png,q_22_main_0_30fps_frame0090,poorly,q_22
gemma3_3s,3s,1251,q_26_main_1_30fps_frame0014.png,q_26_main_1_30fps_frame0014,poorly,q_26
gemma3_3s,3s,1251,q_26_main_1_30fps_frame0029.png,q_26_main_1_30fps_frame0029,poorly,q_26
gemma3_3s,3s,1251,q_26_main_1_30fps_frame0044.png,q_26_main_1_30fps_frame0044,poorly,q_26
gemma3_3s,3s,1251,q_26_main_1_30fps_frame0059.png,q_26_main_1_30fps_frame0059,poorly,q_26
gemma3_3s,3s,1251,q_26_main_1_30fps_frame0074.png,q_26_main_1_30fps_frame0074,poorly,q_26
gemma3_3s,3s,1251,q_26_main_1_30fps_frame0089.png,q_26_main_1_30fps_frame0089,poorly,q_26
gemma3_3s,3s,1251,q_29_main_0_30fps_frame0014.png,q_29_main_0_30fps_frame0014,poorly,q_29
gemma3_3s,3s,1251,q_29_main_0_30fps_frame0029.png,q_29_main_0_30fps_frame0029,poorly,q_29
gemma3_3s,3s,1251,q_29_main_0_30fps_frame0044.png,q_29_main_0_30fps_frame0044,poorly,q_29
gemma3_3s,3s,1251,q_29_main_0_30fps_frame0059.png,q_29_main_0_30fps_frame0059,poorly,q_29
gemma3_3s,3s,1251,q_29_main_0_30fps_frame0074.png,q_29_main_0_30fps_frame0074,poorly,q_29
gemma3_3s,3s,1251,q_29_main_0_30fps_frame0089.png,q_29_main_0_30fps_frame0089,poorly,q_29
gemma3_3s,3s,1251,q_2_main_1_30fps_frame0015.png,q_2_main_1_30fps_frame0015,poorly,q_2
gemma3_3s,3s,1251,q_2_main_1_30fps_frame0030.png,q_2_main_1_30fps_frame0030,poorly,q_2
gemma3_3s,3s,1251,q_2_main_1_30fps_frame0045.png,q_2_main_1_30fps_frame0045,poorly,q_2
gemma3_3s,3s,1251,q_2_main_1_30fps_frame0060.png,q_2_main_1_30fps_frame0060,poorly,q_2
gemma3_3s,3s,1251,q_2_main_1_30fps_frame0075.png,q_2_main_1_30fps_frame0075,poorly,q_2
gemma3_3s,3s,1251,q_2_main_1_30fps_frame0090.png,q_2_main_1_30fps_frame0090,poorly,q_2
gemma3_3s,3s,1251,q_30_main_0_30fps_frame0014.png,q_30_main_0_30fps_frame0014,poorly,q_30
gemma3_3s,3s,1251,q_30_main_0_30fps_frame0029.png,q_30_main_0_30fps_frame0029,poorly,q_30
gemma3_3s,3s,1251,q_30_main_0_30fps_frame0044.png,q_30_main_0_30fps_frame0044,poorly,q_30
gemma3_3s,3s,1251,q_30_main_0_30fps_frame0059.png,q_30_main_0_30fps_frame0059,poorly,q_30
gemma3_3s,3s,1251,q_30_main_0_30fps_frame0074.png,q_30_main_0_30fps_frame0074,poorly,q_30
gemma3_3s,3s,1251,q_30_main_0_30fps_frame0089.png,q_30_main_0_30fps_frame0089,poorly,q_30
gemma3_3s,3s,1251,q_3_main_0_30fps_frame0014.png,q_3_main_0_30fps_frame0014,poorly,q_3
gemma3_3s,3s,1251,q_3_main_0_30fps_frame0029.png,q_3_main_0_30fps_frame0029,poorly,q_3
gemma3_3s,3s,1251,q_3_main_0_30fps_frame0044.png,q_3_main_0_30fps_frame0044,poorly,q_3
gemma3_3s,3s,1251,q_3_main_0_30fps_frame0059.png,q_3_main_0_30fps_frame0059,poorly,q_3
gemma3_3s,3s,1251,q_3_main_0_30fps_frame0074.png,q_3_main_0_30fps_frame0074,poorly,q_3
gemma3_3s,3s,1251,q_3_main_0_30fps_frame0089.png,q_3_main_0_30fps_frame0089,poorly,q_3
gemma3_3s,3s,1251,q_5_main_0_30fps_frame0014.png,q_5_main_0_30fps_frame0014,poorly,q_5
gemma3_3s,3s,1251,q_5_main_0_30fps_frame0029.png,q_5_main_0_30fps_frame0029,poorly,q_5
gemma3_3s,3s,1251,q_5_main_0_30fps_frame0044.png,q_5_main_0_30fps_frame0044,poorly,q_5
gemma3_3s,3s,1251,q_5_main_0_30fps_frame0059.png,q_5_main_0_30fps_frame0059,poorly,q_5
gemma3_3s,3s,1251,q_5_main_0_30fps_frame0074.png,q_5_main_0_30fps_frame0074,poorly,q_5
gemma3_3s,3s,1251,q_5_main_0_30fps_frame0089.png,q_5_main_0_30fps_frame0089,poorly,q_5
gemma3_3s,3s,1251,q_6_main_1_30fps_frame0014.png,q_6_main_1_30fps_frame0014,poorly,q_6
gemma3_3s,3s,1251,q_6_main_1_30fps_frame0029.png,q_6_main_1_30fps_frame0029,poorly,q_6
gemma3_3s,3s,1251,q_6_main_1_30fps_frame0044.png,q_6_main_1_30fps_frame0044,poorly,q_6
gemma3_3s,3s,1251,q_6_main_1_30fps_frame0059.png,q_6_main_1_30fps_frame0059,poorly,q_6
gemma3_3s,3s,1251,q_6_main_1_30fps_frame0074.png,q_6_main_1_30fps_frame0074,poorly,q_6
gemma3_3s,3s,1251,q_6_main_1_30fps_frame0089.png,q_6_main_1_30fps_frame0089,poorly,q_6
gemma3_3s,3s,1251,q_7_main_1_30fps_frame0015.png,q_7_main_1_30fps_frame0015,poorly,q_7
gemma3_3s,3s,1251,q_7_main_1_30fps_frame0030.png,q_7_main_1_30fps_frame0030,poorly,q_7
gemma3_3s,3s,1251,q_7_main_1_30fps_frame0045.png,q_7_main_1_30fps_frame0045,poorly,q_7
gemma3_3s,3s,1251,q_7_main_1_30fps_frame0060.png,q_7_main_1_30fps_frame0060,poorly,q_7
gemma3_3s,3s,1251,q_7_main_1_30fps_frame0075.png,q_7_main_1_30fps_frame0075,poorly,q_7
gemma3_3s,3s,1251,q_7_main_1_30fps_frame0090.png,q_7_main_1_30fps_frame0090,poorly,q_7
gemma3_3s,3s,1251,q_8_main_0_30fps_frame0014.png,q_8_main_0_30fps_frame0014,poorly,q_8
gemma3_3s,3s,1251,q_8_main_0_30fps_frame0029.png,q_8_main_0_30fps_frame0029,poorly,q_8
gemma3_3s,3s,1251,q_8_main_0_30fps_frame0044.png,q_8_main_0_30fps_frame0044,poorly,q_8
gemma3_3s,3s,1251,q_8_main_0_30fps_frame0059.png,q_8_main_0_30fps_frame0059,poorly,q_8
gemma3_3s,3s,1251,q_8_main_0_30fps_frame0074.png,q_8_main_0_30fps_frame0074,poorly,q_8
gemma3_3s,3s,1251,q_8_main_0_30fps_frame0089.png,q_8_main_0_30fps_frame0089,poorly,q_8
gemma3_3s,3s,1483,q_11_main_1_30fps_frame0013.png,q_11_main_1_30fps_frame0013,poorly,q_11
gemma3_3s,3s,1483,q_11_main_1_30fps_frame0028.png,q_11_main_1_30fps_frame0028,poorly,q_11
gemma3_3s,3s,1483,q_11_main_1_30fps_frame0043.png,q_11_main_1_30fps_frame0043,poorly,q_11
gemma3_3s,3s,1483,q_11_main_1_30fps_frame0058.png,q_11_main_1_30fps_frame0058,poorly,q_11
gemma3_3s,3s,1483,q_11_main_1_30fps_frame0073.png,q_11_main_1_30fps_frame0073,poorly,q_11
gemma3_3s,3s,1483,q_11_main_1_30fps_frame0088.png,q_11_main_1_30fps_frame0088,poorly,q_11
gemma3_3s,3s,1483,q_12_main_1_30fps_frame0014.png,q_12_main_1_30fps_frame0014,poorly,q_12
gemma3_3s,3s,1483,q_12_main_1_30fps_frame0029.png,q_12_main_1_30fps_frame0029,poorly,q_12
gemma3_3s,3s,1483,q_12_main_1_30fps_frame0044.png,q_12_main_1_30fps_frame0044,poorly,q_12
gemma3_3s,3s,1483,q_12_main_1_30fps_frame0059.png,q_12_main_1_30fps_frame0059,poorly,q_12
gemma3_3s,3s,1483,q_12_main_1_30fps_frame0074.png,q_12_main_1_30fps_frame0074,poorly,q_12
gemma3_3s,3s,1483,q_12_main_1_30fps_frame0089.png,q_12_main_1_30fps_frame0089,poorly,q_12
gemma3_3s,3s,1483,q_14_main_0_30fps_frame0015.png,q_14_main_0_30fps_frame0015,poorly,q_14
gemma3_3s,3s,1483,q_14_main_0_30fps_frame0030.png,q_14_main_0_30fps_frame0030,poorly,q_14
gemma3_3s,3s,1483,q_14_main_0_30fps_frame0045.png,q_14_main_0_30fps_frame0045,poorly,q_14
gemma3_3s,3s,1483,q_14_main_0_30fps_frame0060.png,q_14_main_0_30fps_frame0060,poorly,q_14
gemma3_3s,3s,1483,q_14_main_0_30fps_frame0075.png,q_14_main_0_30fps_frame0075,poorly,q_14
gemma3_3s,3s,1483,q_14_main_0_30fps_frame0090.png,q_14_main_0_30fps_frame0090,poorly,q_14
gemma3_3s,3s,1483,q_16_main_1_30fps_frame0014.png,q_16_main_1_30fps_frame0014,poorly,q_16
gemma3_3s,3s,1483,q_16_main_1_30fps_frame0029.png,q_16_main_1_30fps_frame0029,poorly,q_16
gemma3_3s,3s,1483,q_16_main_1_30fps_frame0044.png,q_16_main_1_30fps_frame0044,poorly,q_16
gemma3_3s,3s,1483,q_16_main_1_30fps_frame0059.png,q_16_main_1_30fps_frame0059,poorly,q_16
gemma3_3s,3s,1483,q_16_main_1_30fps_frame0074.png,q_16_main_1_30fps_frame0074,poorly,q_16
gemma3_3s,3s,1483,q_16_main_1_30fps_frame0089.png,q_16_main_1_30fps_frame0089,poorly,q_16
gemma3_3s,3s,1483,q_18_main_0_30fps_frame0014.png,q_18_main_0_30fps_frame0014,poorly,q_18
gemma3_3s,3s,1483,q_18_main_0_30fps_frame0029.png,q_18_main_0_30fps_frame0029,poorly,q_18
gemma3_3s,3s,1483,q_18_main_0_30fps_frame0044.png,q_18_main_0_30fps_frame0044,poorly,q_18
gemma3_3s,3s,1483,q_18_main_0_30fps_frame0059.png,q_18_main_0_30fps_frame0059,poorly,q_18
gemma3_3s,3s,1483,q_18_main_0_30fps_frame0074.png,q_18_main_0_30fps_frame0074,poorly,q_18
gemma3_3s,3s,1483,q_18_main_0_30fps_frame0089.png,q_18_main_0_30fps_frame0089,poorly,q_18
gemma3_3s,3s,1483,q_21_main_1_30fps_frame0014.png,q_21_main_1_30fps_frame0014,poorly,q_21
gemma3_3s,3s,1483,q_21_main_1_30fps_frame0029.png,q_21_main_1_30fps_frame0029,poorly,q_21
gemma3_3s,3s,1483,q_21_main_1_30fps_frame0044.png,q_21_main_1_30fps_frame0044,poorly,q_21
gemma3_3s,3s,1483,q_21_main_1_30fps_frame0059.png,q_21_main_1_30fps_frame0059,poorly,q_21
gemma3_3s,3s,1483,q_21_main_1_30fps_frame0074.png,q_21_main_1_30fps_frame0074,poorly,q_21
gemma3_3s,3s,1483,q_21_main_1_30fps_frame0089.png,q_21_main_1_30fps_frame0089,poorly,q_21
gemma3_3s,3s,1483,q_24_main_0_30fps_frame0014.png,q_24_main_0_30fps_frame0014,poorly,q_24
gemma3_3s,3s,1483,q_24_main_0_30fps_frame0029.png,q_24_main_0_30fps_frame0029,poorly,q_24
gemma3_3s,3s,1483,q_24_main_0_30fps_frame0044.png,q_24_main_0_30fps_frame0044,poorly,q_24
gemma3_3s,3s,1483,q_24_main_0_30fps_frame0059.png,q_24_main_0_30fps_frame0059,poorly,q_24
gemma3_3s,3s,1483,q_24_main_0_30fps_frame0074.png,q_24_main_0_30fps_frame0074,poorly,q_24
gemma3_3s,3s,1483,q_24_main_0_30fps_frame0089.png,q_24_main_0_30fps_frame0089,poorly,q_24
gemma3_3s,3s,1483,q_25_main_0_30fps_frame0015.png,q_25_main_0_30fps_frame0015,poorly,q_25
gemma3_3s,3s,1483,q_25_main_0_30fps_frame0030.png,q_25_main_0_30fps_frame0030,poorly,q_25
gemma3_3s,3s,1483,q_25_main_0_30fps_frame0045.png,q_25_main_0_30fps_frame0045,poorly,q_25
gemma3_3s,3s,1483,q_25_main_0_30fps_frame0060.png,q_25_main_0_30fps_frame0060,poorly,q_25
gemma3_3s,3s,1483,q_25_main_0_30fps_frame0075.png,q_25_main_0_30fps_frame0075,poorly,q_25
gemma3_3s,3s,1483,q_25_main_0_30fps_frame0090.png,q_25_main_0_30fps_frame0090,poorly,q_25
gemma3_3s,3s,1483,q_27_main_1_30fps_frame0015.png,q_27_main_1_30fps_frame0015,poorly,q_27
gemma3_3s,3s,1483,q_27_main_1_30fps_frame0030.png,q_27_main_1_30fps_frame0030,poorly,q_27
gemma3_3s,3s,1483,q_27_main_1_30fps_frame0045.png,q_27_main_1_30fps_frame0045,poorly,q_27
gemma3_3s,3s,1483,q_27_main_1_30fps_frame0060.png,q_27_main_1_30fps_frame0060,poorly,q_27
gemma3_3s,3s,1483,q_27_main_1_30fps_frame0075.png,q_27_main_1_30fps_frame0075,poorly,q_27
gemma3_3s,3s,1483,q_27_main_1_30fps_frame0090.png,q_27_main_1_30fps_frame0090,poorly,q_27
gemma3_3s,3s,1483,q_29_main_0_30fps_frame0014.png,q_29_main_0_30fps_frame0014,poorly,q_29
gemma3_3s,3s,1483,q_29_main_0_30fps_frame0029.png,q_29_main_0_30fps_frame0029,poorly,q_29
gemma3_3s,3s,1483,q_29_main_0_30fps_frame0044.png,q_29_main_0_30fps_frame0044,poorly,q_29
gemma3_3s,3s,1483,q_29_main_0_30fps_frame0059.png,q_29_main_0_30fps_frame0059,poorly,q_29
gemma3_3s,3s,1483,q_29_main_0_30fps_frame0074.png,q_29_main_0_30fps_frame0074,well,q_29
gemma3_3s,3s,1483,q_29_main_0_30fps_frame0089.png,q_29_main_0_30fps_frame0089,poorly,q_29
gemma3_3s,3s,1483,q_3_main_0_30fps_frame0013.png,q_3_main_0_30fps_frame0013,poorly,q_3
gemma3_3s,3s,1483,q_3_main_0_30fps_frame0028.png,q_3_main_0_30fps_frame0028,poorly,q_3
gemma3_3s,3s,1483,q_3_main_0_30fps_frame0043.png,q_3_main_0_30fps_frame0043,poorly,q_3
gemma3_3s,3s,1483,q_3_main_0_30fps_frame0058.png,q_3_main_0_30fps_frame0058,poorly,q_3
gemma3_3s,3s,1483,q_3_main_0_30fps_frame0073.png,q_3_main_0_30fps_frame0073,poorly,q_3
gemma3_3s,3s,1483,q_3_main_0_30fps_frame0088.png,q_3_main_0_30fps_frame0088,poorly,q_3
gemma3_3s,3s,1483,q_5_main_0_30fps_frame0013.png,q_5_main_0_30fps_frame0013,poorly,q_5
gemma3_3s,3s,1483,q_5_main_0_30fps_frame0028.png,q_5_main_0_30fps_frame0028,poorly,q_5
gemma3_3s,3s,1483,q_5_main_0_30fps_frame0043.png,q_5_main_0_30fps_frame0043,poorly,q_5
gemma3_3s,3s,1483,q_5_main_0_30fps_frame0058.png,q_5_main_0_30fps_frame0058,poorly,q_5
gemma3_3s,3s,1483,q_5_main_0_30fps_frame0073.png,q_5_main_0_30fps_frame0073,poorly,q_5
gemma3_3s,3s,1483,q_5_main_0_30fps_frame0088.png,q_5_main_0_30fps_frame0088,poorly,q_5
gemma3_3s,3s,1483,q_7_main_1_30fps_frame0014.png,q_7_main_1_30fps_frame0014,well,q_7
gemma3_3s,3s,1483,q_7_main_1_30fps_frame0029.png,q_7_main_1_30fps_frame0029,well,q_7
gemma3_3s,3s,1483,q_7_main_1_30fps_frame0044.png,q_7_main_1_30fps_frame0044,well,q_7
gemma3_3s,3s,1483,q_7_main_1_30fps_frame0059.png,q_7_main_1_30fps_frame0059,poorly,q_7
gemma3_3s,3s,1483,q_7_main_1_30fps_frame0074.png,q_7_main_1_30fps_frame0074,well,q_7
gemma3_3s,3s,1483,q_7_main_1_30fps_frame0089.png,q_7_main_1_30fps_frame0089,poorly,q_7
gemma3_3s,3s,1483,q_8_main_0_30fps_frame0015.png,q_8_main_0_30fps_frame0015,poorly,q_8
gemma3_3s,3s,1483,q_8_main_0_30fps_frame0030.png,q_8_main_0_30fps_frame0030,poorly,q_8
gemma3_3s,3s,1483,q_8_main_0_30fps_frame0045.png,q_8_main_0_30fps_frame0045,poorly,q_8
gemma3_3s,3s,1483,q_8_main_0_30fps_frame0060.png,q_8_main_0_30fps_frame0060,poorly,q_8
gemma3_3s,3s,1483,q_8_main_0_30fps_frame0075.png,q_8_main_0_30fps_frame0075,poorly,q_8
gemma3_3s,3s,1483,q_8_main_0_30fps_frame0090.png,q_8_main_0_30fps_frame0090,poorly,q_8
gemma3_3s,3s,1483,q_9_main_0_30fps_frame0014.png,q_9_main_0_30fps_frame0014,poorly,q_9
gemma3_3s,3s,1483,q_9_main_0_30fps_frame0029.png,q_9_main_0_30fps_frame0029,poorly,q_9
gemma3_3s,3s,1483,q_9_main_0_30fps_frame0044.png,q_9_main_0_30fps_frame0044,poorly,q_9
gemma3_3s,3s,1483,q_9_main_0_30fps_frame0059.png,q_9_main_0_30fps_frame0059,poorly,q_9
gemma3_3s,3s,1483,q_9_main_0_30fps_frame0074.png,q_9_main_0_30fps_frame0074,poorly,q_9
gemma3_3s,3s,1483,q_9_main_0_30fps_frame0089.png,q_9_main_0_30fps_frame0089,poorly,q_9
gemma3_3s,3s,1676,q_10_main_0_30fps_frame0015.png,q_10_main_0_30fps_frame0015,poorly,q_10
gemma3_3s,3s,1676,q_10_main_0_30fps_frame0030.png,q_10_main_0_30fps_frame0030,poorly,q_10
gemma3_3s,3s,1676,q_10_main_0_30fps_frame0045.png,q_10_main_0_30fps_frame0045,poorly,q_10
gemma3_3s,3s,1676,q_10_main_0_30fps_frame0060.png,q_10_main_0_30fps_frame0060,poorly,q_10
gemma3_3s,3s,1676,q_10_main_0_30fps_frame0075.png,q_10_main_0_30fps_frame0075,poorly,q_10
gemma3_3s,3s,1676,q_10_main_0_30fps_frame0090.png,q_10_main_0_30fps_frame0090,poorly,q_10
gemma3_3s,3s,1676,q_11_main_1_30fps_frame0014.png,q_11_main_1_30fps_frame0014,poorly,q_11
gemma3_3s,3s,1676,q_11_main_1_30fps_frame0029.png,q_11_main_1_30fps_frame0029,poorly,q_11
gemma3_3s,3s,1676,q_11_main_1_30fps_frame0044.png,q_11_main_1_30fps_frame0044,poorly,q_11
gemma3_3s,3s,1676,q_11_main_1_30fps_frame0059.png,q_11_main_1_30fps_frame0059,poorly,q_11
gemma3_3s,3s,1676,q_11_main_1_30fps_frame0074.png,q_11_main_1_30fps_frame0074,poorly,q_11
gemma3_3s,3s,1676,q_11_main_1_30fps_frame0089.png,q_11_main_1_30fps_frame0089,poorly,q_11
gemma3_3s,3s,1676,q_12_main_1_30fps_frame0014.png,q_12_main_1_30fps_frame0014,well,q_12
gemma3_3s,3s,1676,q_12_main_1_30fps_frame0029.png,q_12_main_1_30fps_frame0029,well,q_12
gemma3_3s,3s,1676,q_12_main_1_30fps_frame0044.png,q_12_main_1_30fps_frame0044,well,q_12
gemma3_3s,3s,1676,q_12_main_1_30fps_frame0059.png,q_12_main_1_30fps_frame0059,well,q_12
gemma3_3s,3s,1676,q_12_main_1_30fps_frame0074.png,q_12_main_1_30fps_frame0074,poorly,q_12
gemma3_3s,3s,1676,q_12_main_1_30fps_frame0089.png,q_12_main_1_30fps_frame0089,poorly,q_12
gemma3_3s,3s,1676,q_15_main_1_30fps_frame0015.png,q_15_main_1_30fps_frame0015,poorly,q_15
gemma3_3s,3s,1676,q_15_main_1_30fps_frame0030.png,q_15_main_1_30fps_frame0030,poorly,q_15
gemma3_3s,3s,1676,q_15_main_1_30fps_frame0045.png,q_15_main_1_30fps_frame0045,well,q_15
gemma3_3s,3s,1676,q_15_main_1_30fps_frame0060.png,q_15_main_1_30fps_frame0060,poorly,q_15
gemma3_3s,3s,1676,q_15_main_1_30fps_frame0075.png,q_15_main_1_30fps_frame0075,well,q_15
gemma3_3s,3s,1676,q_15_main_1_30fps_frame0090.png,q_15_main_1_30fps_frame0090,well,q_15
gemma3_3s,3s,1676,q_16_main_1_30fps_frame0015.png,q_16_main_1_30fps_frame0015,poorly,q_16
gemma3_3s,3s,1676,q_16_main_1_30fps_frame0030.png,q_16_main_1_30fps_frame0030,well,q_16
gemma3_3s,3s,1676,q_16_main_1_30fps_frame0045.png,q_16_main_1_30fps_frame0045,well,q_16
gemma3_3s,3s,1676,q_16_main_1_30fps_frame0060.png,q_16_main_1_30fps_frame0060,well,q_16
gemma3_3s,3s,1676,q_16_main_1_30fps_frame0075.png,q_16_main_1_30fps_frame0075,well,q_16
gemma3_3s,3s,1676,q_16_main_1_30fps_frame0090.png,q_16_main_1_30fps_frame0090,well,q_16
gemma3_3s,3s,1676,q_17_main_0_30fps_frame0015.png,q_17_main_0_30fps_frame0015,poorly,q_17
gemma3_3s,3s,1676,q_17_main_0_30fps_frame0030.png,q_17_main_0_30fps_frame0030,poorly,q_17
gemma3_3s,3s,1676,q_17_main_0_30fps_frame0045.png,q_17_main_0_30fps_frame0045,poorly,q_17
gemma3_3s,3s,1676,q_17_main_0_30fps_frame0060.png,q_17_main_0_30fps_frame0060,poorly,q_17
gemma3_3s,3s,1676,q_17_main_0_30fps_frame0075.png,q_17_main_0_30fps_frame0075,poorly,q_17
gemma3_3s,3s,1676,q_17_main_0_30fps_frame0090.png,q_17_main_0_30fps_frame0090,poorly,q_17
gemma3_3s,3s,1676,q_18_main_0_30fps_frame0015.png,q_18_main_0_30fps_frame0015,poorly,q_18
gemma3_3s,3s,1676,q_18_main_0_30fps_frame0030.png,q_18_main_0_30fps_frame0030,poorly,q_18
gemma3_3s,3s,1676,q_18_main_0_30fps_frame0045.png,q_18_main_0_30fps_frame0045,poorly,q_18
gemma3_3s,3s,1676,q_18_main_0_30fps_frame0060.png,q_18_main_0_30fps_frame0060,poorly,q_18
gemma3_3s,3s,1676,q_18_main_0_30fps_frame0075.png,q_18_main_0_30fps_frame0075,poorly,q_18
gemma3_3s,3s,1676,q_18_main_0_30fps_frame0090.png,q_18_main_0_30fps_frame0090,poorly,q_18
gemma3_3s,3s,1676,q_1_main_0_30fps_frame0015.png,q_1_main_0_30fps_frame0015,poorly,q_1
gemma3_3s,3s,1676,q_1_main_0_30fps_frame0030.png,q_1_main_0_30fps_frame0030,poorly,q_1
gemma3_3s,3s,1676,q_1_main_0_30fps_frame0045.png,q_1_main_0_30fps_frame0045,poorly,q_1
gemma3_3s,3s,1676,q_1_main_0_30fps_frame0060.png,q_1_main_0_30fps_frame0060,poorly,q_1
gemma3_3s,3s,1676,q_1_main_0_30fps_frame0075.png,q_1_main_0_30fps_frame0075,poorly,q_1
gemma3_3s,3s,1676,q_1_main_0_30fps_frame0090.png,q_1_main_0_30fps_frame0090,poorly,q_1
gemma3_3s,3s,1676,q_21_main_0_30fps_frame0015.png,q_21_main_0_30fps_frame0015,poorly,q_21
gemma3_3s,3s,1676,q_21_main_0_30fps_frame0030.png,q_21_main_0_30fps_frame0030,poorly,q_21
gemma3_3s,3s,1676,q_21_main_0_30fps_frame0045.png,q_21_main_0_30fps_frame0045,poorly,q_21
gemma3_3s,3s,1676,q_21_main_0_30fps_frame0060.png,q_21_main_0_30fps_frame0060,poorly,q_21
gemma3_3s,3s,1676,q_21_main_0_30fps_frame0075.png,q_21_main_0_30fps_frame0075,poorly,q_21
gemma3_3s,3s,1676,q_21_main_0_30fps_frame0090.png,q_21_main_0_30fps_frame0090,poorly,q_21
gemma3_3s,3s,1676,q_23_main_0_30fps_frame0015.png,q_23_main_0_30fps_frame0015,poorly,q_23
gemma3_3s,3s,1676,q_23_main_0_30fps_frame0030.png,q_23_main_0_30fps_frame0030,poorly,q_23
gemma3_3s,3s,1676,q_23_main_0_30fps_frame0045.png,q_23_main_0_30fps_frame0045,poorly,q_23
gemma3_3s,3s,1676,q_23_main_0_30fps_frame0060.png,q_23_main_0_30fps_frame0060,poorly,q_23
gemma3_3s,3s,1676,q_23_main_0_30fps_frame0075.png,q_23_main_0_30fps_frame0075,poorly,q_23
gemma3_3s,3s,1676,q_23_main_0_30fps_frame0090.png,q_23_main_0_30fps_frame0090,poorly,q_23
gemma3_3s,3s,1676,q_24_main_0_30fps_frame0015.png,q_24_main_0_30fps_frame0015,poorly,q_24
gemma3_3s,3s,1676,q_24_main_0_30fps_frame0030.png,q_24_main_0_30fps_frame0030,poorly,q_24
gemma3_3s,3s,1676,q_24_main_0_30fps_frame0045.png,q_24_main_0_30fps_frame0045,poorly,q_24
gemma3_3s,3s,1676,q_24_main_0_30fps_frame0060.png,q_24_main_0_30fps_frame0060,poorly,q_24
gemma3_3s,3s,1676,q_24_main_0_30fps_frame0075.png,q_24_main_0_30fps_frame0075,poorly,q_24
gemma3_3s,3s,1676,q_24_main_0_30fps_frame0090.png,q_24_main_0_30fps_frame0090,poorly,q_24
gemma3_3s,3s,1676,q_26_main_0_30fps_frame0014.png,q_26_main_0_30fps_frame0014,poorly,q_26
gemma3_3s,3s,1676,q_26_main_0_30fps_frame0029.png,q_26_main_0_30fps_frame0029,poorly,q_26
gemma3_3s,3s,1676,q_26_main_0_30fps_frame0044.png,q_26_main_0_30fps_frame0044,poorly,q_26
gemma3_3s,3s,1676,q_26_main_0_30fps_frame0059.png,q_26_main_0_30fps_frame0059,poorly,q_26
gemma3_3s,3s,1676,q_26_main_0_30fps_frame0074.png,q_26_main_0_30fps_frame0074,poorly,q_26
gemma3_3s,3s,1676,q_26_main_0_30fps_frame0089.png,q_26_main_0_30fps_frame0089,poorly,q_26
gemma3_3s,3s,1676,q_2_main_1_30fps_frame0015.png,q_2_main_1_30fps_frame0015,poorly,q_2
gemma3_3s,3s,1676,q_2_main_1_30fps_frame0030.png,q_2_main_1_30fps_frame0030,well,q_2
gemma3_3s,3s,1676,q_2_main_1_30fps_frame0045.png,q_2_main_1_30fps_frame0045,well,q_2
gemma3_3s,3s,1676,q_2_main_1_30fps_frame0060.png,q_2_main_1_30fps_frame0060,well,q_2
gemma3_3s,3s,1676,q_2_main_1_30fps_frame0075.png,q_2_main_1_30fps_frame0075,well,q_2
gemma3_3s,3s,1676,q_2_main_1_30fps_frame0090.png,q_2_main_1_30fps_frame0090,well,q_2
gemma3_3s,3s,1676,q_30_main_0_30fps_frame0015.png,q_30_main_0_30fps_frame0015,poorly,q_30
gemma3_3s,3s,1676,q_30_main_0_30fps_frame0030.png,q_30_main_0_30fps_frame0030,poorly,q_30
gemma3_3s,3s,1676,q_30_main_0_30fps_frame0045.png,q_30_main_0_30fps_frame0045,poorly,q_30
gemma3_3s,3s,1676,q_30_main_0_30fps_frame0060.png,q_30_main_0_30fps_frame0060,poorly,q_30
gemma3_3s,3s,1676,q_30_main_0_30fps_frame0075.png,q_30_main_0_30fps_frame0075,poorly,q_30
gemma3_3s,3s,1676,q_30_main_0_30fps_frame0090.png,q_30_main_0_30fps_frame0090,poorly,q_30
gemma3_3s,3s,1676,q_3_main_1_30fps_frame0015.png,q_3_main_1_30fps_frame0015,poorly,q_3
gemma3_3s,3s,1676,q_3_main_1_30fps_frame0030.png,q_3_main_1_30fps_frame0030,poorly,q_3
gemma3_3s,3s,1676,q_3_main_1_30fps_frame0045.png,q_3_main_1_30fps_frame0045,poorly,q_3
gemma3_3s,3s,1676,q_3_main_1_30fps_frame0060.png,q_3_main_1_30fps_frame0060,poorly,q_3
gemma3_3s,3s,1676,q_3_main_1_30fps_frame0075.png,q_3_main_1_30fps_frame0075,poorly,q_3
gemma3_3s,3s,1676,q_3_main_1_30fps_frame0090.png,q_3_main_1_30fps_frame0090,poorly,q_3
gemma3_3s,3s,1676,q_4_main_0_30fps_frame0015.png,q_4_main_0_30fps_frame0015,poorly,q_4
gemma3_3s,3s,1676,q_4_main_0_30fps_frame0030.png,q_4_main_0_30fps_frame0030,poorly,q_4
gemma3_3s,3s,1676,q_4_main_0_30fps_frame0045.png,q_4_main_0_30fps_frame0045,poorly,q_4
gemma3_3s,3s,1676,q_4_main_0_30fps_frame0060.png,q_4_main_0_30fps_frame0060,poorly,q_4
gemma3_3s,3s,1676,q_4_main_0_30fps_frame0075.png,q_4_main_0_30fps_frame0075,poorly,q_4
gemma3_3s,3s,1676,q_4_main_0_30fps_frame0090.png,q_4_main_0_30fps_frame0090,poorly,q_4
gemma3_3s,3s,1676,q_5_main_0_30fps_frame0015.png,q_5_main_0_30fps_frame0015,poorly,q_5
gemma3_3s,3s,1676,q_5_main_0_30fps_frame0030.png,q_5_main_0_30fps_frame0030,poorly,q_5
gemma3_3s,3s,1676,q_5_main_0_30fps_frame0045.png,q_5_main_0_30fps_frame0045,poorly,q_5
gemma3_3s,3s,1676,q_5_main_0_30fps_frame0060.png,q_5_main_0_30fps_frame0060,poorly,q_5
gemma3_3s,3s,1676,q_5_main_0_30fps_frame0075.png,q_5_main_0_30fps_frame0075,poorly,q_5
gemma3_3s,3s,1676,q_5_main_0_30fps_frame0090.png,q_5_main_0_30fps_frame0090,poorly,q_5
gemma3_3s,3s,2103,q_11_main_1_30fps_frame0013.png,q_11_main_1_30fps_frame0013,poorly,q_11
gemma3_3s,3s,2103,q_11_main_1_30fps_frame0028.png,q_11_main_1_30fps_frame0028,poorly,q_11
gemma3_3s,3s,2103,q_11_main_1_30fps_frame0043.png,q_11_main_1_30fps_frame0043,poorly,q_11
gemma3_3s,3s,2103,q_11_main_1_30fps_frame0058.png,q_11_main_1_30fps_frame0058,poorly,q_11
gemma3_3s,3s,2103,q_11_main_1_30fps_frame0073.png,q_11_main_1_30fps_frame0073,poorly,q_11
gemma3_3s,3s,2103,q_11_main_1_30fps_frame0088.png,q_11_main_1_30fps_frame0088,poorly,q_11
gemma3_3s,3s,2103,q_12_main_1_30fps_frame0015.png,q_12_main_1_30fps_frame0015,poorly,q_12
gemma3_3s,3s,2103,q_12_main_1_30fps_frame0030.png,q_12_main_1_30fps_frame0030,poorly,q_12
gemma3_3s,3s,2103,q_12_main_1_30fps_frame0045.png,q_12_main_1_30fps_frame0045,poorly,q_12
gemma3_3s,3s,2103,q_12_main_1_30fps_frame0060.png,q_12_main_1_30fps_frame0060,poorly,q_12
gemma3_3s,3s,2103,q_12_main_1_30fps_frame0075.png,q_12_main_1_30fps_frame0075,poorly,q_12
gemma3_3s,3s,2103,q_12_main_1_30fps_frame0090.png,q_12_main_1_30fps_frame0090,poorly,q_12
gemma3_3s,3s,2103,q_13_main_1_30fps_frame0015.png,q_13_main_1_30fps_frame0015,poorly,q_13
gemma3_3s,3s,2103,q_13_main_1_30fps_frame0030.png,q_13_main_1_30fps_frame0030,poorly,q_13
gemma3_3s,3s,2103,q_13_main_1_30fps_frame0045.png,q_13_main_1_30fps_frame0045,poorly,q_13
gemma3_3s,3s,2103,q_13_main_1_30fps_frame0060.png,q_13_main_1_30fps_frame0060,poorly,q_13
gemma3_3s,3s,2103,q_13_main_1_30fps_frame0075.png,q_13_main_1_30fps_frame0075,poorly,q_13
gemma3_3s,3s,2103,q_13_main_1_30fps_frame0090.png,q_13_main_1_30fps_frame0090,poorly,q_13
gemma3_3s,3s,2103,q_15_main_1_30fps_frame0014.png,q_15_main_1_30fps_frame0014,poorly,q_15
gemma3_3s,3s,2103,q_15_main_1_30fps_frame0029.png,q_15_main_1_30fps_frame0029,poorly,q_15
gemma3_3s,3s,2103,q_15_main_1_30fps_frame0044.png,q_15_main_1_30fps_frame0044,poorly,q_15
gemma3_3s,3s,2103,q_15_main_1_30fps_frame0059.png,q_15_main_1_30fps_frame0059,poorly,q_15
gemma3_3s,3s,2103,q_15_main_1_30fps_frame0074.png,q_15_main_1_30fps_frame0074,poorly,q_15
gemma3_3s,3s,2103,q_15_main_1_30fps_frame0089.png,q_15_main_1_30fps_frame0089,poorly,q_15
gemma3_3s,3s,2103,q_17_main_1_30fps_frame0014.png,q_17_main_1_30fps_frame0014,poorly,q_17
gemma3_3s,3s,2103,q_17_main_1_30fps_frame0029.png,q_17_main_1_30fps_frame0029,poorly,q_17
gemma3_3s,3s,2103,q_17_main_1_30fps_frame0044.png,q_17_main_1_30fps_frame0044,poorly,q_17
gemma3_3s,3s,2103,q_17_main_1_30fps_frame0059.png,q_17_main_1_30fps_frame0059,poorly,q_17
gemma3_3s,3s,2103,q_17_main_1_30fps_frame0074.png,q_17_main_1_30fps_frame0074,poorly,q_17
gemma3_3s,3s,2103,q_17_main_1_30fps_frame0089.png,q_17_main_1_30fps_frame0089,poorly,q_17
gemma3_3s,3s,2103,q_18_main_1_30fps_frame0015.png,q_18_main_1_30fps_frame0015,poorly,q_18
gemma3_3s,3s,2103,q_18_main_1_30fps_frame0030.png,q_18_main_1_30fps_frame0030,poorly,q_18
gemma3_3s,3s,2103,q_18_main_1_30fps_frame0045.png,q_18_main_1_30fps_frame0045,poorly,q_18
gemma3_3s,3s,2103,q_18_main_1_30fps_frame0060.png,q_18_main_1_30fps_frame0060,poorly,q_18
gemma3_3s,3s,2103,q_18_main_1_30fps_frame0075.png,q_18_main_1_30fps_frame0075,poorly,q_18
gemma3_3s,3s,2103,q_18_main_1_30fps_frame0090.png,q_18_main_1_30fps_frame0090,poorly,q_18
gemma3_3s,3s,2103,q_1_main_1_30fps_frame0014.png,q_1_main_1_30fps_frame0014,poorly,q_1
gemma3_3s,3s,2103,q_1_main_1_30fps_frame0029.png,q_1_main_1_30fps_frame0029,poorly,q_1
gemma3_3s,3s,2103,q_1_main_1_30fps_frame0044.png,q_1_main_1_30fps_frame0044,poorly,q_1
gemma3_3s,3s,2103,q_1_main_1_30fps_frame0059.png,q_1_main_1_30fps_frame0059,poorly,q_1
gemma3_3s,3s,2103,q_1_main_1_30fps_frame0074.png,q_1_main_1_30fps_frame0074,poorly,q_1
gemma3_3s,3s,2103,q_1_main_1_30fps_frame0089.png,q_1_main_1_30fps_frame0089,poorly,q_1
gemma3_3s,3s,2103,q_20_main_1_30fps_frame0014.png,q_20_main_1_30fps_frame0014,poorly,q_20
gemma3_3s,3s,2103,q_20_main_1_30fps_frame0029.png,q_20_main_1_30fps_frame0029,poorly,q_20
gemma3_3s,3s,2103,q_20_main_1_30fps_frame0044.png,q_20_main_1_30fps_frame0044,poorly,q_20
gemma3_3s,3s,2103,q_20_main_1_30fps_frame0059.png,q_20_main_1_30fps_frame0059,poorly,q_20
gemma3_3s,3s,2103,q_20_main_1_30fps_frame0074.png,q_20_main_1_30fps_frame0074,poorly,q_20
gemma3_3s,3s,2103,q_20_main_1_30fps_frame0089.png,q_20_main_1_30fps_frame0089,poorly,q_20
gemma3_3s,3s,2103,q_22_main_1_30fps_frame0014.png,q_22_main_1_30fps_frame0014,poorly,q_22
gemma3_3s,3s,2103,q_22_main_1_30fps_frame0029.png,q_22_main_1_30fps_frame0029,poorly,q_22
gemma3_3s,3s,2103,q_22_main_1_30fps_frame0044.png,q_22_main_1_30fps_frame0044,poorly,q_22
gemma3_3s,3s,2103,q_22_main_1_30fps_frame0059.png,q_22_main_1_30fps_frame0059,poorly,q_22
gemma3_3s,3s,2103,q_22_main_1_30fps_frame0074.png,q_22_main_1_30fps_frame0074,poorly,q_22
gemma3_3s,3s,2103,q_22_main_1_30fps_frame0089.png,q_22_main_1_30fps_frame0089,poorly,q_22
gemma3_3s,3s,2103,q_23_main_0_30fps_frame0015.png,q_23_main_0_30fps_frame0015,poorly,q_23
gemma3_3s,3s,2103,q_23_main_0_30fps_frame0030.png,q_23_main_0_30fps_frame0030,poorly,q_23
gemma3_3s,3s,2103,q_23_main_0_30fps_frame0045.png,q_23_main_0_30fps_frame0045,poorly,q_23
gemma3_3s,3s,2103,q_23_main_0_30fps_frame0060.png,q_23_main_0_30fps_frame0060,poorly,q_23
gemma3_3s,3s,2103,q_23_main_0_30fps_frame0075.png,q_23_main_0_30fps_frame0075,poorly,q_23
gemma3_3s,3s,2103,q_23_main_0_30fps_frame0090.png,q_23_main_0_30fps_frame0090,poorly,q_23
gemma3_3s,3s,2103,q_24_main_0_30fps_frame0014.png,q_24_main_0_30fps_frame0014,poorly,q_24
gemma3_3s,3s,2103,q_24_main_0_30fps_frame0029.png,q_24_main_0_30fps_frame0029,poorly,q_24
gemma3_3s,3s,2103,q_24_main_0_30fps_frame0044.png,q_24_main_0_30fps_frame0044,poorly,q_24
gemma3_3s,3s,2103,q_24_main_0_30fps_frame0059.png,q_24_main_0_30fps_frame0059,poorly,q_24
gemma3_3s,3s,2103,q_24_main_0_30fps_frame0074.png,q_24_main_0_30fps_frame0074,poorly,q_24
gemma3_3s,3s,2103,q_24_main_0_30fps_frame0089.png,q_24_main_0_30fps_frame0089,poorly,q_24
gemma3_3s,3s,2103,q_27_main_0_30fps_frame0014.png,q_27_main_0_30fps_frame0014,poorly,q_27
gemma3_3s,3s,2103,q_27_main_0_30fps_frame0029.png,q_27_main_0_30fps_frame0029,poorly,q_27
gemma3_3s,3s,2103,q_27_main_0_30fps_frame0044.png,q_27_main_0_30fps_frame0044,poorly,q_27
gemma3_3s,3s,2103,q_27_main_0_30fps_frame0059.png,q_27_main_0_30fps_frame0059,poorly,q_27
gemma3_3s,3s,2103,q_27_main_0_30fps_frame0074.png,q_27_main_0_30fps_frame0074,poorly,q_27
gemma3_3s,3s,2103,q_27_main_0_30fps_frame0089.png,q_27_main_0_30fps_frame0089,poorly,q_27
gemma3_3s,3s,2103,q_29_main_0_30fps_frame0014.png,q_29_main_0_30fps_frame0014,poorly,q_29
gemma3_3s,3s,2103,q_29_main_0_30fps_frame0029.png,q_29_main_0_30fps_frame0029,poorly,q_29
gemma3_3s,3s,2103,q_29_main_0_30fps_frame0044.png,q_29_main_0_30fps_frame0044,poorly,q_29
gemma3_3s,3s,2103,q_29_main_0_30fps_frame0059.png,q_29_main_0_30fps_frame0059,poorly,q_29
gemma3_3s,3s,2103,q_29_main_0_30fps_frame0074.png,q_29_main_0_30fps_frame0074,poorly,q_29
gemma3_3s,3s,2103,q_29_main_0_30fps_frame0089.png,q_29_main_0_30fps_frame0089,poorly,q_29
gemma3_3s,3s,2103,q_2_main_1_30fps_frame0015.png,q_2_main_1_30fps_frame0015,poorly,q_2
gemma3_3s,3s,2103,q_2_main_1_30fps_frame0030.png,q_2_main_1_30fps_frame0030,poorly,q_2
gemma3_3s,3s,2103,q_2_main_1_30fps_frame0045.png,q_2_main_1_30fps_frame0045,poorly,q_2
gemma3_3s,3s,2103,q_2_main_1_30fps_frame0060.png,q_2_main_1_30fps_frame0060,poorly,q_2
gemma3_3s,3s,2103,q_2_main_1_30fps_frame0075.png,q_2_main_1_30fps_frame0075,poorly,q_2
gemma3_3s,3s,2103,q_2_main_1_30fps_frame0090.png,q_2_main_1_30fps_frame0090,poorly,q_2
gemma3_3s,3s,2103,q_30_main_1_30fps_frame0014.png,q_30_main_1_30fps_frame0014,poorly,q_30
gemma3_3s,3s,2103,q_30_main_1_30fps_frame0029.png,q_30_main_1_30fps_frame0029,poorly,q_30
gemma3_3s,3s,2103,q_30_main_1_30fps_frame0044.png,q_30_main_1_30fps_frame0044,poorly,q_30
gemma3_3s,3s,2103,q_30_main_1_30fps_frame0059.png,q_30_main_1_30fps_frame0059,poorly,q_30
gemma3_3s,3s,2103,q_30_main_1_30fps_frame0074.png,q_30_main_1_30fps_frame0074,poorly,q_30
gemma3_3s,3s,2103,q_30_main_1_30fps_frame0089.png,q_30_main_1_30fps_frame0089,poorly,q_30
gemma3_3s,3s,2103,q_3_main_1_30fps_frame0015.png,q_3_main_1_30fps_frame0015,poorly,q_3
gemma3_3s,3s,2103,q_3_main_1_30fps_frame0030.png,q_3_main_1_30fps_frame0030,poorly,q_3
gemma3_3s,3s,2103,q_3_main_1_30fps_frame0045.png,q_3_main_1_30fps_frame0045,poorly,q_3
gemma3_3s,3s,2103,q_3_main_1_30fps_frame0060.png,q_3_main_1_30fps_frame0060,poorly,q_3
gemma3_3s,3s,2103,q_3_main_1_30fps_frame0075.png,q_3_main_1_30fps_frame0075,poorly,q_3
gemma3_3s,3s,2103,q_3_main_1_30fps_frame0090.png,q_3_main_1_30fps_frame0090,poorly,q_3
gemma3_3s,3s,2103,q_4_main_1_30fps_frame0014.png,q_4_main_1_30fps_frame0014,poorly,q_4
gemma3_3s,3s,2103,q_4_main_1_30fps_frame0029.png,q_4_main_1_30fps_frame0029,poorly,q_4
gemma3_3s,3s,2103,q_4_main_1_30fps_frame0044.png,q_4_main_1_30fps_frame0044,poorly,q_4
gemma3_3s,3s,2103,q_4_main_1_30fps_frame0059.png,q_4_main_1_30fps_frame0059,poorly,q_4
gemma3_3s,3s,2103,q_4_main_1_30fps_frame0074.png,q_4_main_1_30fps_frame0074,poorly,q_4
gemma3_3s,3s,2103,q_4_main_1_30fps_frame0089.png,q_4_main_1_30fps_frame0089,poorly,q_4
gemma3_3s,3s,2313,q_12_main_1_30fps_frame0015.png,q_12_main_1_30fps_frame0015,poorly,q_12
gemma3_3s,3s,2313,q_12_main_1_30fps_frame0030.png,q_12_main_1_30fps_frame0030,poorly,q_12
gemma3_3s,3s,2313,q_12_main_1_30fps_frame0045.png,q_12_main_1_30fps_frame0045,poorly,q_12
gemma3_3s,3s,2313,q_12_main_1_30fps_frame0060.png,q_12_main_1_30fps_frame0060,poorly,q_12
gemma3_3s,3s,2313,q_12_main_1_30fps_frame0075.png,q_12_main_1_30fps_frame0075,poorly,q_12
gemma3_3s,3s,2313,q_12_main_1_30fps_frame0090.png,q_12_main_1_30fps_frame0090,poorly,q_12
gemma3_3s,3s,2313,q_13_main_0_30fps_frame0015.png,q_13_main_0_30fps_frame0015,poorly,q_13
gemma3_3s,3s,2313,q_13_main_0_30fps_frame0030.png,q_13_main_0_30fps_frame0030,poorly,q_13
gemma3_3s,3s,2313,q_13_main_0_30fps_frame0045.png,q_13_main_0_30fps_frame0045,poorly,q_13
gemma3_3s,3s,2313,q_13_main_0_30fps_frame0060.png,q_13_main_0_30fps_frame0060,poorly,q_13
gemma3_3s,3s,2313,q_13_main_0_30fps_frame0075.png,q_13_main_0_30fps_frame0075,poorly,q_13
gemma3_3s,3s,2313,q_13_main_0_30fps_frame0090.png,q_13_main_0_30fps_frame0090,poorly,q_13
gemma3_3s,3s,2313,q_15_main_1_30fps_frame0015.png,q_15_main_1_30fps_frame0015,poorly,q_15
gemma3_3s,3s,2313,q_15_main_1_30fps_frame0030.png,q_15_main_1_30fps_frame0030,poorly,q_15
gemma3_3s,3s,2313,q_15_main_1_30fps_frame0045.png,q_15_main_1_30fps_frame0045,poorly,q_15
gemma3_3s,3s,2313,q_15_main_1_30fps_frame0060.png,q_15_main_1_30fps_frame0060,poorly,q_15
gemma3_3s,3s,2313,q_15_main_1_30fps_frame0075.png,q_15_main_1_30fps_frame0075,poorly,q_15
gemma3_3s,3s,2313,q_15_main_1_30fps_frame0090.png,q_15_main_1_30fps_frame0090,poorly,q_15
gemma3_3s,3s,2313,q_17_main_1_30fps_frame0014.png,q_17_main_1_30fps_frame0014,poorly,q_17
gemma3_3s,3s,2313,q_17_main_1_30fps_frame0029.png,q_17_main_1_30fps_frame0029,poorly,q_17
gemma3_3s,3s,2313,q_17_main_1_30fps_frame0044.png,q_17_main_1_30fps_frame0044,poorly,q_17
gemma3_3s,3s,2313,q_17_main_1_30fps_frame0059.png,q_17_main_1_30fps_frame0059,poorly,q_17
gemma3_3s,3s,2313,q_17_main_1_30fps_frame0074.png,q_17_main_1_30fps_frame0074,poorly,q_17
gemma3_3s,3s,2313,q_17_main_1_30fps_frame0089.png,q_17_main_1_30fps_frame0089,poorly,q_17
gemma3_3s,3s,2313,q_19_main_1_30fps_frame0014.png,q_19_main_1_30fps_frame0014,poorly,q_19
gemma3_3s,3s,2313,q_19_main_1_30fps_frame0029.png,q_19_main_1_30fps_frame0029,poorly,q_19
gemma3_3s,3s,2313,q_19_main_1_30fps_frame0044.png,q_19_main_1_30fps_frame0044,poorly,q_19
gemma3_3s,3s,2313,q_19_main_1_30fps_frame0059.png,q_19_main_1_30fps_frame0059,poorly,q_19
gemma3_3s,3s,2313,q_19_main_1_30fps_frame0074.png,q_19_main_1_30fps_frame0074,poorly,q_19
gemma3_3s,3s,2313,q_19_main_1_30fps_frame0089.png,q_19_main_1_30fps_frame0089,poorly,q_19
gemma3_3s,3s,2313,q_20_main_0_30fps_frame0014.png,q_20_main_0_30fps_frame0014,poorly,q_20
gemma3_3s,3s,2313,q_20_main_0_30fps_frame0029.png,q_20_main_0_30fps_frame0029,poorly,q_20
gemma3_3s,3s,2313,q_20_main_0_30fps_frame0044.png,q_20_main_0_30fps_frame0044,poorly,q_20
gemma3_3s,3s,2313,q_20_main_0_30fps_frame0059.png,q_20_main_0_30fps_frame0059,poorly,q_20
gemma3_3s,3s,2313,q_20_main_0_30fps_frame0074.png,q_20_main_0_30fps_frame0074,poorly,q_20
gemma3_3s,3s,2313,q_20_main_0_30fps_frame0089.png,q_20_main_0_30fps_frame0089,poorly,q_20
gemma3_3s,3s,2313,q_21_main_0_30fps_frame0015.png,q_21_main_0_30fps_frame0015,poorly,q_21
gemma3_3s,3s,2313,q_21_main_0_30fps_frame0030.png,q_21_main_0_30fps_frame0030,poorly,q_21
gemma3_3s,3s,2313,q_21_main_0_30fps_frame0045.png,q_21_main_0_30fps_frame0045,poorly,q_21
gemma3_3s,3s,2313,q_21_main_0_30fps_frame0060.png,q_21_main_0_30fps_frame0060,poorly,q_21
gemma3_3s,3s,2313,q_21_main_0_30fps_frame0075.png,q_21_main_0_30fps_frame0075,poorly,q_21
gemma3_3s,3s,2313,q_21_main_0_30fps_frame0090.png,q_21_main_0_30fps_frame0090,poorly,q_21
gemma3_3s,3s,2313,q_22_main_0_30fps_frame0015.png,q_22_main_0_30fps_frame0015,poorly,q_22
gemma3_3s,3s,2313,q_22_main_0_30fps_frame0030.png,q_22_main_0_30fps_frame0030,poorly,q_22
gemma3_3s,3s,2313,q_22_main_0_30fps_frame0045.png,q_22_main_0_30fps_frame0045,poorly,q_22
gemma3_3s,3s,2313,q_22_main_0_30fps_frame0060.png,q_22_main_0_30fps_frame0060,poorly,q_22
gemma3_3s,3s,2313,q_22_main_0_30fps_frame0075.png,q_22_main_0_30fps_frame0075,poorly,q_22
gemma3_3s,3s,2313,q_22_main_0_30fps_frame0090.png,q_22_main_0_30fps_frame0090,poorly,q_22
gemma3_3s,3s,2313,q_25_main_0_30fps_frame0015.png,q_25_main_0_30fps_frame0015,poorly,q_25
gemma3_3s,3s,2313,q_25_main_0_30fps_frame0030.png,q_25_main_0_30fps_frame0030,poorly,q_25
gemma3_3s,3s,2313,q_25_main_0_30fps_frame0045.png,q_25_main_0_30fps_frame0045,poorly,q_25
gemma3_3s,3s,2313,q_25_main_0_30fps_frame0060.png,q_25_main_0_30fps_frame0060,poorly,q_25
gemma3_3s,3s,2313,q_25_main_0_30fps_frame0075.png,q_25_main_0_30fps_frame0075,poorly,q_25
gemma3_3s,3s,2313,q_25_main_0_30fps_frame0090.png,q_25_main_0_30fps_frame0090,poorly,q_25
gemma3_3s,3s,2313,q_26_main_0_30fps_frame0015.png,q_26_main_0_30fps_frame0015,poorly,q_26
gemma3_3s,3s,2313,q_26_main_0_30fps_frame0030.png,q_26_main_0_30fps_frame0030,poorly,q_26
gemma3_3s,3s,2313,q_26_main_0_30fps_frame0045.png,q_26_main_0_30fps_frame0045,poorly,q_26
gemma3_3s,3s,2313,q_26_main_0_30fps_frame0060.png,q_26_main_0_30fps_frame0060,poorly,q_26
gemma3_3s,3s,2313,q_26_main_0_30fps_frame0075.png,q_26_main_0_30fps_frame0075,poorly,q_26
gemma3_3s,3s,2313,q_26_main_0_30fps_frame0090.png,q_26_main_0_30fps_frame0090,poorly,q_26
gemma3_3s,3s,2313,q_29_main_1_30fps_frame0014.png,q_29_main_1_30fps_frame0014,poorly,q_29
gemma3_3s,3s,2313,q_29_main_1_30fps_frame0029.png,q_29_main_1_30fps_frame0029,poorly,q_29
gemma3_3s,3s,2313,q_29_main_1_30fps_frame0044.png,q_29_main_1_30fps_frame0044,poorly,q_29
gemma3_3s,3s,2313,q_29_main_1_30fps_frame0059.png,q_29_main_1_30fps_frame0059,poorly,q_29
gemma3_3s,3s,2313,q_29_main_1_30fps_frame0074.png,q_29_main_1_30fps_frame0074,poorly,q_29
gemma3_3s,3s,2313,q_29_main_1_30fps_frame0089.png,q_29_main_1_30fps_frame0089,poorly,q_29
gemma3_3s,3s,2313,q_2_main_1_30fps_frame0015.png,q_2_main_1_30fps_frame0015,poorly,q_2
gemma3_3s,3s,2313,q_2_main_1_30fps_frame0030.png,q_2_main_1_30fps_frame0030,poorly,q_2
gemma3_3s,3s,2313,q_2_main_1_30fps_frame0045.png,q_2_main_1_30fps_frame0045,poorly,q_2
gemma3_3s,3s,2313,q_2_main_1_30fps_frame0060.png,q_2_main_1_30fps_frame0060,poorly,q_2
gemma3_3s,3s,2313,q_2_main_1_30fps_frame0075.png,q_2_main_1_30fps_frame0075,poorly,q_2
gemma3_3s,3s,2313,q_2_main_1_30fps_frame0090.png,q_2_main_1_30fps_frame0090,poorly,q_2
gemma3_3s,3s,2313,q_30_main_0_30fps_frame0015.png,q_30_main_0_30fps_frame0015,poorly,q_30
gemma3_3s,3s,2313,q_30_main_0_30fps_frame0030.png,q_30_main_0_30fps_frame0030,poorly,q_30
gemma3_3s,3s,2313,q_30_main_0_30fps_frame0045.png,q_30_main_0_30fps_frame0045,poorly,q_30
gemma3_3s,3s,2313,q_30_main_0_30fps_frame0060.png,q_30_main_0_30fps_frame0060,poorly,q_30
gemma3_3s,3s,2313,q_30_main_0_30fps_frame0075.png,q_30_main_0_30fps_frame0075,poorly,q_30
gemma3_3s,3s,2313,q_30_main_0_30fps_frame0090.png,q_30_main_0_30fps_frame0090,poorly,q_30
gemma3_3s,3s,2313,q_6_main_1_30fps_frame0015.png,q_6_main_1_30fps_frame0015,poorly,q_6
gemma3_3s,3s,2313,q_6_main_1_30fps_frame0030.png,q_6_main_1_30fps_frame0030,poorly,q_6
gemma3_3s,3s,2313,q_6_main_1_30fps_frame0045.png,q_6_main_1_30fps_frame0045,poorly,q_6
gemma3_3s,3s,2313,q_6_main_1_30fps_frame0060.png,q_6_main_1_30fps_frame0060,poorly,q_6
gemma3_3s,3s,2313,q_6_main_1_30fps_frame0075.png,q_6_main_1_30fps_frame0075,poorly,q_6
gemma3_3s,3s,2313,q_6_main_1_30fps_frame0090.png,q_6_main_1_30fps_frame0090,poorly,q_6
gemma3_3s,3s,2313,q_9_main_0_30fps_frame0015.png,q_9_main_0_30fps_frame0015,poorly,q_9
gemma3_3s,3s,2313,q_9_main_0_30fps_frame0030.png,q_9_main_0_30fps_frame0030,poorly,q_9
gemma3_3s,3s,2313,q_9_main_0_30fps_frame0045.png,q_9_main_0_30fps_frame0045,poorly,q_9
gemma3_3s,3s,2313,q_9_main_0_30fps_frame0060.png,q_9_main_0_30fps_frame0060,poorly,q_9
gemma3_3s,3s,2313,q_9_main_0_30fps_frame0075.png,q_9_main_0_30fps_frame0075,poorly,q_9
gemma3_3s,3s,2313,q_9_main_0_30fps_frame0090.png,q_9_main_0_30fps_frame0090,poorly,q_9
gemma3_3s,3s,2698,q_12_main_1_30fps_frame0015.png,q_12_main_1_30fps_frame0015,well,q_12
gemma3_3s,3s,2698,q_12_main_1_30fps_frame0030.png,q_12_main_1_30fps_frame0030,well,q_12
gemma3_3s,3s,2698,q_12_main_1_30fps_frame0045.png,q_12_main_1_30fps_frame0045,poorly,q_12
gemma3_3s,3s,2698,q_12_main_1_30fps_frame0060.png,q_12_main_1_30fps_frame0060,poorly,q_12
gemma3_3s,3s,2698,q_12_main_1_30fps_frame0075.png,q_12_main_1_30fps_frame0075,poorly,q_12
gemma3_3s,3s,2698,q_12_main_1_30fps_frame0090.png,q_12_main_1_30fps_frame0090,poorly,q_12
gemma3_3s,3s,2698,q_14_main_0_30fps_frame0014.png,q_14_main_0_30fps_frame0014,poorly,q_14
gemma3_3s,3s,2698,q_14_main_0_30fps_frame0029.png,q_14_main_0_30fps_frame0029,poorly,q_14
gemma3_3s,3s,2698,q_14_main_0_30fps_frame0044.png,q_14_main_0_30fps_frame0044,poorly,q_14
gemma3_3s,3s,2698,q_14_main_0_30fps_frame0059.png,q_14_main_0_30fps_frame0059,poorly,q_14
gemma3_3s,3s,2698,q_14_main_0_30fps_frame0074.png,q_14_main_0_30fps_frame0074,poorly,q_14
gemma3_3s,3s,2698,q_14_main_0_30fps_frame0089.png,q_14_main_0_30fps_frame0089,poorly,q_14
gemma3_3s,3s,2698,q_15_main_1_30fps_frame0014.png,q_15_main_1_30fps_frame0014,well,q_15
gemma3_3s,3s,2698,q_15_main_1_30fps_frame0029.png,q_15_main_1_30fps_frame0029,poorly,q_15
gemma3_3s,3s,2698,q_15_main_1_30fps_frame0044.png,q_15_main_1_30fps_frame0044,well,q_15
gemma3_3s,3s,2698,q_15_main_1_30fps_frame0059.png,q_15_main_1_30fps_frame0059,poorly,q_15
gemma3_3s,3s,2698,q_15_main_1_30fps_frame0074.png,q_15_main_1_30fps_frame0074,poorly,q_15
gemma3_3s,3s,2698,q_15_main_1_30fps_frame0089.png,q_15_main_1_30fps_frame0089,well,q_15
gemma3_3s,3s,2698,q_16_main_1_30fps_frame0015.png,q_16_main_1_30fps_frame0015,poorly,q_16
gemma3_3s,3s,2698,q_16_main_1_30fps_frame0030.png,q_16_main_1_30fps_frame0030,poorly,q_16
gemma3_3s,3s,2698,q_16_main_1_30fps_frame0045.png,q_16_main_1_30fps_frame0045,poorly,q_16
gemma3_3s,3s,2698,q_16_main_1_30fps_frame0060.png,q_16_main_1_30fps_frame0060,poorly,q_16
gemma3_3s,3s,2698,q_16_main_1_30fps_frame0075.png,q_16_main_1_30fps_frame0075,poorly,q_16
gemma3_3s,3s,2698,q_16_main_1_30fps_frame0090.png,q_16_main_1_30fps_frame0090,poorly,q_16
gemma3_3s,3s,2698,q_17_main_1_30fps_frame0015.png,q_17_main_1_30fps_frame0015,poorly,q_17
gemma3_3s,3s,2698,q_17_main_1_30fps_frame0030.png,q_17_main_1_30fps_frame0030,well,q_17
gemma3_3s,3s,2698,q_17_main_1_30fps_frame0045.png,q_17_main_1_30fps_frame0045,poorly,q_17
gemma3_3s,3s,2698,q_17_main_1_30fps_frame0060.png,q_17_main_1_30fps_frame0060,well,q_17
gemma3_3s,3s,2698,q_17_main_1_30fps_frame0075.png,q_17_main_1_30fps_frame0075,well,q_17
gemma3_3s,3s,2698,q_17_main_1_30fps_frame0090.png,q_17_main_1_30fps_frame0090,well,q_17
gemma3_3s,3s,2698,q_18_main_0_30fps_frame0014.png,q_18_main_0_30fps_frame0014,poorly,q_18
gemma3_3s,3s,2698,q_18_main_0_30fps_frame0029.png,q_18_main_0_30fps_frame0029,poorly,q_18
gemma3_3s,3s,2698,q_18_main_0_30fps_frame0044.png,q_18_main_0_30fps_frame0044,poorly,q_18
gemma3_3s,3s,2698,q_18_main_0_30fps_frame0059.png,q_18_main_0_30fps_frame0059,poorly,q_18
gemma3_3s,3s,2698,q_18_main_0_30fps_frame0074.png,q_18_main_0_30fps_frame0074,poorly,q_18
gemma3_3s,3s,2698,q_18_main_0_30fps_frame0089.png,q_18_main_0_30fps_frame0089,poorly,q_18
gemma3_3s,3s,2698,q_19_main_1_30fps_frame0015.png,q_19_main_1_30fps_frame0015,poorly,q_19
gemma3_3s,3s,2698,q_19_main_1_30fps_frame0030.png,q_19_main_1_30fps_frame0030,well,q_19
gemma3_3s,3s,2698,q_19_main_1_30fps_frame0045.png,q_19_main_1_30fps_frame0045,well,q_19
gemma3_3s,3s,2698,q_19_main_1_30fps_frame0060.png,q_19_main_1_30fps_frame0060,poorly,q_19
gemma3_3s,3s,2698,q_19_main_1_30fps_frame0075.png,q_19_main_1_30fps_frame0075,poorly,q_19
gemma3_3s,3s,2698,q_19_main_1_30fps_frame0090.png,q_19_main_1_30fps_frame0090,well,q_19
gemma3_3s,3s,2698,q_1_main_0_30fps_frame0014.png,q_1_main_0_30fps_frame0014,poorly,q_1
gemma3_3s,3s,2698,q_1_main_0_30fps_frame0029.png,q_1_main_0_30fps_frame0029,poorly,q_1
gemma3_3s,3s,2698,q_1_main_0_30fps_frame0044.png,q_1_main_0_30fps_frame0044,poorly,q_1
gemma3_3s,3s,2698,q_1_main_0_30fps_frame0059.png,q_1_main_0_30fps_frame0059,poorly,q_1
gemma3_3s,3s,2698,q_1_main_0_30fps_frame0074.png,q_1_main_0_30fps_frame0074,poorly,q_1
gemma3_3s,3s,2698,q_1_main_0_30fps_frame0089.png,q_1_main_0_30fps_frame0089,poorly,q_1
gemma3_3s,3s,2698,q_22_main_1_30fps_frame0015.png,q_22_main_1_30fps_frame0015,poorly,q_22
gemma3_3s,3s,2698,q_22_main_1_30fps_frame0030.png,q_22_main_1_30fps_frame0030,poorly,q_22
gemma3_3s,3s,2698,q_22_main_1_30fps_frame0045.png,q_22_main_1_30fps_frame0045,poorly,q_22
gemma3_3s,3s,2698,q_22_main_1_30fps_frame0060.png,q_22_main_1_30fps_frame0060,poorly,q_22
gemma3_3s,3s,2698,q_22_main_1_30fps_frame0075.png,q_22_main_1_30fps_frame0075,poorly,q_22
gemma3_3s,3s,2698,q_22_main_1_30fps_frame0090.png,q_22_main_1_30fps_frame0090,poorly,q_22
gemma3_3s,3s,2698,q_23_main_0_30fps_frame0015.png,q_23_main_0_30fps_frame0015,poorly,q_23
gemma3_3s,3s,2698,q_23_main_0_30fps_frame0030.png,q_23_main_0_30fps_frame0030,poorly,q_23
gemma3_3s,3s,2698,q_23_main_0_30fps_frame0045.png,q_23_main_0_30fps_frame0045,poorly,q_23
gemma3_3s,3s,2698,q_23_main_0_30fps_frame0060.png,q_23_main_0_30fps_frame0060,poorly,q_23
gemma3_3s,3s,2698,q_23_main_0_30fps_frame0075.png,q_23_main_0_30fps_frame0075,poorly,q_23
gemma3_3s,3s,2698,q_23_main_0_30fps_frame0090.png,q_23_main_0_30fps_frame0090,poorly,q_23
gemma3_3s,3s,2698,q_25_main_0_30fps_frame0014.png,q_25_main_0_30fps_frame0014,poorly,q_25
gemma3_3s,3s,2698,q_25_main_0_30fps_frame0029.png,q_25_main_0_30fps_frame0029,poorly,q_25
gemma3_3s,3s,2698,q_25_main_0_30fps_frame0044.png,q_25_main_0_30fps_frame0044,poorly,q_25
gemma3_3s,3s,2698,q_25_main_0_30fps_frame0059.png,q_25_main_0_30fps_frame0059,poorly,q_25
gemma3_3s,3s,2698,q_25_main_0_30fps_frame0074.png,q_25_main_0_30fps_frame0074,poorly,q_25
gemma3_3s,3s,2698,q_25_main_0_30fps_frame0089.png,q_25_main_0_30fps_frame0089,poorly,q_25
gemma3_3s,3s,2698,q_27_main_0_30fps_frame0014.png,q_27_main_0_30fps_frame0014,poorly,q_27
gemma3_3s,3s,2698,q_27_main_0_30fps_frame0029.png,q_27_main_0_30fps_frame0029,poorly,q_27
gemma3_3s,3s,2698,q_27_main_0_30fps_frame0044.png,q_27_main_0_30fps_frame0044,poorly,q_27
gemma3_3s,3s,2698,q_27_main_0_30fps_frame0059.png,q_27_main_0_30fps_frame0059,poorly,q_27
gemma3_3s,3s,2698,q_27_main_0_30fps_frame0074.png,q_27_main_0_30fps_frame0074,poorly,q_27
gemma3_3s,3s,2698,q_27_main_0_30fps_frame0089.png,q_27_main_0_30fps_frame0089,poorly,q_27
gemma3_3s,3s,2698,q_28_main_0_30fps_frame0014.png,q_28_main_0_30fps_frame0014,poorly,q_28
gemma3_3s,3s,2698,q_28_main_0_30fps_frame0029.png,q_28_main_0_30fps_frame0029,poorly,q_28
gemma3_3s,3s,2698,q_28_main_0_30fps_frame0044.png,q_28_main_0_30fps_frame0044,poorly,q_28
gemma3_3s,3s,2698,q_28_main_0_30fps_frame0059.png,q_28_main_0_30fps_frame0059,poorly,q_28
gemma3_3s,3s,2698,q_28_main_0_30fps_frame0074.png,q_28_main_0_30fps_frame0074,poorly,q_28
gemma3_3s,3s,2698,q_28_main_0_30fps_frame0089.png,q_28_main_0_30fps_frame0089,poorly,q_28
gemma3_3s,3s,2698,q_29_main_0_30fps_frame0013.png,q_29_main_0_30fps_frame0013,poorly,q_29
gemma3_3s,3s,2698,q_29_main_0_30fps_frame0028.png,q_29_main_0_30fps_frame0028,poorly,q_29
gemma3_3s,3s,2698,q_29_main_0_30fps_frame0043.png,q_29_main_0_30fps_frame0043,poorly,q_29
gemma3_3s,3s,2698,q_29_main_0_30fps_frame0058.png,q_29_main_0_30fps_frame0058,poorly,q_29
gemma3_3s,3s,2698,q_29_main_0_30fps_frame0073.png,q_29_main_0_30fps_frame0073,poorly,q_29
gemma3_3s,3s,2698,q_29_main_0_30fps_frame0088.png,q_29_main_0_30fps_frame0088,poorly,q_29
gemma3_3s,3s,2698,q_3_main_1_30fps_frame0014.png,q_3_main_1_30fps_frame0014,well,q_3
gemma3_3s,3s,2698,q_3_main_1_30fps_frame0029.png,q_3_main_1_30fps_frame0029,well,q_3
gemma3_3s,3s,2698,q_3_main_1_30fps_frame0044.png,q_3_main_1_30fps_frame0044,well,q_3
gemma3_3s,3s,2698,q_3_main_1_30fps_frame0059.png,q_3_main_1_30fps_frame0059,poorly,q_3
gemma3_3s,3s,2698,q_3_main_1_30fps_frame0074.png,q_3_main_1_30fps_frame0074,poorly,q_3
gemma3_3s,3s,2698,q_3_main_1_30fps_frame0089.png,q_3_main_1_30fps_frame0089,poorly,q_3
gemma3_3s,3s,2698,q_7_main_1_30fps_frame0014.png,q_7_main_1_30fps_frame0014,poorly,q_7
gemma3_3s,3s,2698,q_7_main_1_30fps_frame0029.png,q_7_main_1_30fps_frame0029,poorly,q_7
gemma3_3s,3s,2698,q_7_main_1_30fps_frame0044.png,q_7_main_1_30fps_frame0044,poorly,q_7
gemma3_3s,3s,2698,q_7_main_1_30fps_frame0059.png,q_7_main_1_30fps_frame0059,poorly,q_7
gemma3_3s,3s,2698,q_7_main_1_30fps_frame0074.png,q_7_main_1_30fps_frame0074,poorly,q_7
gemma3_3s,3s,2698,q_7_main_1_30fps_frame0089.png,q_7_main_1_30fps_frame0089,poorly,q_7
gemma3_3s,3s,2698,q_8_main_0_30fps_frame0014.png,q_8_main_0_30fps_frame0014,poorly,q_8
gemma3_3s,3s,2698,q_8_main_0_30fps_frame0029.png,q_8_main_0_30fps_frame0029,poorly,q_8
gemma3_3s,3s,2698,q_8_main_0_30fps_frame0044.png,q_8_main_0_30fps_frame0044,poorly,q_8
gemma3_3s,3s,2698,q_8_main_0_30fps_frame0059.png,q_8_main_0_30fps_frame0059,poorly,q_8
gemma3_3s,3s,2698,q_8_main_0_30fps_frame0074.png,q_8_main_0_30fps_frame0074,poorly,q_8
gemma3_3s,3s,2698,q_8_main_0_30fps_frame0089.png,q_8_main_0_30fps_frame0089,poorly,q_8
gemma3_3s,3s,2946,q_11_main_1_30fps_frame0014.png,q_11_main_1_30fps_frame0014,poorly,q_11
gemma3_3s,3s,2946,q_11_main_1_30fps_frame0029.png,q_11_main_1_30fps_frame0029,poorly,q_11
gemma3_3s,3s,2946,q_11_main_1_30fps_frame0044.png,q_11_main_1_30fps_frame0044,poorly,q_11
gemma3_3s,3s,2946,q_11_main_1_30fps_frame0059.png,q_11_main_1_30fps_frame0059,poorly,q_11
gemma3_3s,3s,2946,q_11_main_1_30fps_frame0074.png,q_11_main_1_30fps_frame0074,poorly,q_11
gemma3_3s,3s,2946,q_11_main_1_30fps_frame0089.png,q_11_main_1_30fps_frame0089,poorly,q_11
gemma3_3s,3s,2946,q_12_main_1_30fps_frame0014.png,q_12_main_1_30fps_frame0014,poorly,q_12
gemma3_3s,3s,2946,q_12_main_1_30fps_frame0029.png,q_12_main_1_30fps_frame0029,poorly,q_12
gemma3_3s,3s,2946,q_12_main_1_30fps_frame0044.png,q_12_main_1_30fps_frame0044,poorly,q_12
gemma3_3s,3s,2946,q_12_main_1_30fps_frame0059.png,q_12_main_1_30fps_frame0059,poorly,q_12
gemma3_3s,3s,2946,q_12_main_1_30fps_frame0074.png,q_12_main_1_30fps_frame0074,poorly,q_12
gemma3_3s,3s,2946,q_12_main_1_30fps_frame0089.png,q_12_main_1_30fps_frame0089,poorly,q_12
gemma3_3s,3s,2946,q_14_main_0_30fps_frame0014.png,q_14_main_0_30fps_frame0014,poorly,q_14
gemma3_3s,3s,2946,q_14_main_0_30fps_frame0029.png,q_14_main_0_30fps_frame0029,poorly,q_14
gemma3_3s,3s,2946,q_14_main_0_30fps_frame0044.png,q_14_main_0_30fps_frame0044,poorly,q_14
gemma3_3s,3s,2946,q_14_main_0_30fps_frame0059.png,q_14_main_0_30fps_frame0059,poorly,q_14
gemma3_3s,3s,2946,q_14_main_0_30fps_frame0074.png,q_14_main_0_30fps_frame0074,poorly,q_14
gemma3_3s,3s,2946,q_14_main_0_30fps_frame0089.png,q_14_main_0_30fps_frame0089,poorly,q_14
gemma3_3s,3s,2946,q_15_main_1_30fps_frame0014.png,q_15_main_1_30fps_frame0014,poorly,q_15
gemma3_3s,3s,2946,q_15_main_1_30fps_frame0029.png,q_15_main_1_30fps_frame0029,poorly,q_15
gemma3_3s,3s,2946,q_15_main_1_30fps_frame0044.png,q_15_main_1_30fps_frame0044,poorly,q_15
gemma3_3s,3s,2946,q_15_main_1_30fps_frame0059.png,q_15_main_1_30fps_frame0059,poorly,q_15
gemma3_3s,3s,2946,q_15_main_1_30fps_frame0074.png,q_15_main_1_30fps_frame0074,poorly,q_15
gemma3_3s,3s,2946,q_15_main_1_30fps_frame0089.png,q_15_main_1_30fps_frame0089,poorly,q_15
gemma3_3s,3s,2946,q_16_main_1_30fps_frame0014.png,q_16_main_1_30fps_frame0014,poorly,q_16
gemma3_3s,3s,2946,q_16_main_1_30fps_frame0029.png,q_16_main_1_30fps_frame0029,poorly,q_16
gemma3_3s,3s,2946,q_16_main_1_30fps_frame0044.png,q_16_main_1_30fps_frame0044,poorly,q_16
gemma3_3s,3s,2946,q_16_main_1_30fps_frame0059.png,q_16_main_1_30fps_frame0059,poorly,q_16
gemma3_3s,3s,2946,q_16_main_1_30fps_frame0074.png,q_16_main_1_30fps_frame0074,poorly,q_16
gemma3_3s,3s,2946,q_16_main_1_30fps_frame0089.png,q_16_main_1_30fps_frame0089,poorly,q_16
gemma3_3s,3s,2946,q_17_main_1_30fps_frame0013.png,q_17_main_1_30fps_frame0013,poorly,q_17
gemma3_3s,3s,2946,q_17_main_1_30fps_frame0028.png,q_17_main_1_30fps_frame0028,poorly,q_17
gemma3_3s,3s,2946,q_17_main_1_30fps_frame0043.png,q_17_main_1_30fps_frame0043,poorly,q_17
gemma3_3s,3s,2946,q_17_main_1_30fps_frame0058.png,q_17_main_1_30fps_frame0058,poorly,q_17
gemma3_3s,3s,2946,q_17_main_1_30fps_frame0073.png,q_17_main_1_30fps_frame0073,poorly,q_17
gemma3_3s,3s,2946,q_17_main_1_30fps_frame0088.png,q_17_main_1_30fps_frame0088,poorly,q_17
gemma3_3s,3s,2946,q_18_main_1_30fps_frame0014.png,q_18_main_1_30fps_frame0014,poorly,q_18
gemma3_3s,3s,2946,q_18_main_1_30fps_frame0029.png,q_18_main_1_30fps_frame0029,poorly,q_18
gemma3_3s,3s,2946,q_18_main_1_30fps_frame0044.png,q_18_main_1_30fps_frame0044,poorly,q_18
gemma3_3s,3s,2946,q_18_main_1_30fps_frame0059.png,q_18_main_1_30fps_frame0059,poorly,q_18
gemma3_3s,3s,2946,q_18_main_1_30fps_frame0074.png,q_18_main_1_30fps_frame0074,poorly,q_18
gemma3_3s,3s,2946,q_18_main_1_30fps_frame0089.png,q_18_main_1_30fps_frame0089,poorly,q_18
gemma3_3s,3s,2946,q_20_main_0_30fps_frame0013.png,q_20_main_0_30fps_frame0013,poorly,q_20
gemma3_3s,3s,2946,q_20_main_0_30fps_frame0028.png,q_20_main_0_30fps_frame0028,poorly,q_20
gemma3_3s,3s,2946,q_20_main_0_30fps_frame0043.png,q_20_main_0_30fps_frame0043,poorly,q_20
gemma3_3s,3s,2946,q_20_main_0_30fps_frame0058.png,q_20_main_0_30fps_frame0058,poorly,q_20
gemma3_3s,3s,2946,q_20_main_0_30fps_frame0073.png,q_20_main_0_30fps_frame0073,poorly,q_20
gemma3_3s,3s,2946,q_20_main_0_30fps_frame0088.png,q_20_main_0_30fps_frame0088,poorly,q_20
gemma3_3s,3s,2946,q_21_main_1_30fps_frame0014.png,q_21_main_1_30fps_frame0014,poorly,q_21
gemma3_3s,3s,2946,q_21_main_1_30fps_frame0029.png,q_21_main_1_30fps_frame0029,poorly,q_21
gemma3_3s,3s,2946,q_21_main_1_30fps_frame0044.png,q_21_main_1_30fps_frame0044,poorly,q_21
gemma3_3s,3s,2946,q_21_main_1_30fps_frame0059.png,q_21_main_1_30fps_frame0059,poorly,q_21
gemma3_3s,3s,2946,q_21_main_1_30fps_frame0074.png,q_21_main_1_30fps_frame0074,poorly,q_21
gemma3_3s,3s,2946,q_21_main_1_30fps_frame0089.png,q_21_main_1_30fps_frame0089,poorly,q_21
gemma3_3s,3s,2946,q_22_main_0_30fps_frame0013.png,q_22_main_0_30fps_frame0013,poorly,q_22
gemma3_3s,3s,2946,q_22_main_0_30fps_frame0028.png,q_22_main_0_30fps_frame0028,poorly,q_22
gemma3_3s,3s,2946,q_22_main_0_30fps_frame0043.png,q_22_main_0_30fps_frame0043,poorly,q_22
gemma3_3s,3s,2946,q_22_main_0_30fps_frame0058.png,q_22_main_0_30fps_frame0058,poorly,q_22
gemma3_3s,3s,2946,q_22_main_0_30fps_frame0073.png,q_22_main_0_30fps_frame0073,poorly,q_22
gemma3_3s,3s,2946,q_22_main_0_30fps_frame0088.png,q_22_main_0_30fps_frame0088,poorly,q_22
gemma3_3s,3s,2946,q_23_main_0_30fps_frame0015.png,q_23_main_0_30fps_frame0015,poorly,q_23
gemma3_3s,3s,2946,q_23_main_0_30fps_frame0030.png,q_23_main_0_30fps_frame0030,poorly,q_23
gemma3_3s,3s,2946,q_23_main_0_30fps_frame0045.png,q_23_main_0_30fps_frame0045,poorly,q_23
gemma3_3s,3s,2946,q_23_main_0_30fps_frame0060.png,q_23_main_0_30fps_frame0060,poorly,q_23
gemma3_3s,3s,2946,q_23_main_0_30fps_frame0075.png,q_23_main_0_30fps_frame0075,poorly,q_23
gemma3_3s,3s,2946,q_23_main_0_30fps_frame0090.png,q_23_main_0_30fps_frame0090,poorly,q_23
gemma3_3s,3s,2946,q_24_main_0_30fps_frame0015.png,q_24_main_0_30fps_frame0015,poorly,q_24
gemma3_3s,3s,2946,q_24_main_0_30fps_frame0030.png,q_24_main_0_30fps_frame0030,poorly,q_24
gemma3_3s,3s,2946,q_24_main_0_30fps_frame0045.png,q_24_main_0_30fps_frame0045,poorly,q_24
gemma3_3s,3s,2946,q_24_main_0_30fps_frame0060.png,q_24_main_0_30fps_frame0060,poorly,q_24
gemma3_3s,3s,2946,q_24_main_0_30fps_frame0075.png,q_24_main_0_30fps_frame0075,poorly,q_24
gemma3_3s,3s,2946,q_24_main_0_30fps_frame0090.png,q_24_main_0_30fps_frame0090,poorly,q_24
gemma3_3s,3s,2946,q_25_main_1_30fps_frame0015.png,q_25_main_1_30fps_frame0015,poorly,q_25
gemma3_3s,3s,2946,q_25_main_1_30fps_frame0030.png,q_25_main_1_30fps_frame0030,poorly,q_25
gemma3_3s,3s,2946,q_25_main_1_30fps_frame0045.png,q_25_main_1_30fps_frame0045,poorly,q_25
gemma3_3s,3s,2946,q_25_main_1_30fps_frame0060.png,q_25_main_1_30fps_frame0060,poorly,q_25
gemma3_3s,3s,2946,q_25_main_1_30fps_frame0075.png,q_25_main_1_30fps_frame0075,poorly,q_25
gemma3_3s,3s,2946,q_25_main_1_30fps_frame0090.png,q_25_main_1_30fps_frame0090,poorly,q_25
gemma3_3s,3s,2946,q_28_main_1_30fps_frame0014.png,q_28_main_1_30fps_frame0014,poorly,q_28
gemma3_3s,3s,2946,q_28_main_1_30fps_frame0029.png,q_28_main_1_30fps_frame0029,poorly,q_28
gemma3_3s,3s,2946,q_28_main_1_30fps_frame0044.png,q_28_main_1_30fps_frame0044,poorly,q_28
gemma3_3s,3s,2946,q_28_main_1_30fps_frame0059.png,q_28_main_1_30fps_frame0059,poorly,q_28
gemma3_3s,3s,2946,q_28_main_1_30fps_frame0074.png,q_28_main_1_30fps_frame0074,poorly,q_28
gemma3_3s,3s,2946,q_28_main_1_30fps_frame0089.png,q_28_main_1_30fps_frame0089,poorly,q_28
gemma3_3s,3s,2946,q_29_main_0_30fps_frame0014.png,q_29_main_0_30fps_frame0014,poorly,q_29
gemma3_3s,3s,2946,q_29_main_0_30fps_frame0029.png,q_29_main_0_30fps_frame0029,poorly,q_29
gemma3_3s,3s,2946,q_29_main_0_30fps_frame0044.png,q_29_main_0_30fps_frame0044,poorly,q_29
gemma3_3s,3s,2946,q_29_main_0_30fps_frame0059.png,q_29_main_0_30fps_frame0059,poorly,q_29
gemma3_3s,3s,2946,q_29_main_0_30fps_frame0074.png,q_29_main_0_30fps_frame0074,poorly,q_29
gemma3_3s,3s,2946,q_29_main_0_30fps_frame0089.png,q_29_main_0_30fps_frame0089,poorly,q_29
gemma3_3s,3s,2946,q_3_main_1_30fps_frame0015.png,q_3_main_1_30fps_frame0015,poorly,q_3
gemma3_3s,3s,2946,q_3_main_1_30fps_frame0030.png,q_3_main_1_30fps_frame0030,poorly,q_3
gemma3_3s,3s,2946,q_3_main_1_30fps_frame0045.png,q_3_main_1_30fps_frame0045,poorly,q_3
gemma3_3s,3s,2946,q_3_main_1_30fps_frame0060.png,q_3_main_1_30fps_frame0060,poorly,q_3
gemma3_3s,3s,2946,q_3_main_1_30fps_frame0075.png,q_3_main_1_30fps_frame0075,poorly,q_3
gemma3_3s,3s,2946,q_3_main_1_30fps_frame0090.png,q_3_main_1_30fps_frame0090,poorly,q_3
gemma3_3s,3s,2946,q_4_main_0_30fps_frame0014.png,q_4_main_0_30fps_frame0014,poorly,q_4
gemma3_3s,3s,2946,q_4_main_0_30fps_frame0029.png,q_4_main_0_30fps_frame0029,poorly,q_4
gemma3_3s,3s,2946,q_4_main_0_30fps_frame0044.png,q_4_main_0_30fps_frame0044,poorly,q_4
gemma3_3s,3s,2946,q_4_main_0_30fps_frame0059.png,q_4_main_0_30fps_frame0059,poorly,q_4
gemma3_3s,3s,2946,q_4_main_0_30fps_frame0074.png,q_4_main_0_30fps_frame0074,poorly,q_4
gemma3_3s,3s,2946,q_4_main_0_30fps_frame0089.png,q_4_main_0_30fps_frame0089,poorly,q_4
gemma3_3s,3s,2946,q_7_main_1_30fps_frame0014.png,q_7_main_1_30fps_frame0014,poorly,q_7
gemma3_3s,3s,2946,q_7_main_1_30fps_frame0029.png,q_7_main_1_30fps_frame0029,poorly,q_7
gemma3_3s,3s,2946,q_7_main_1_30fps_frame0044.png,q_7_main_1_30fps_frame0044,poorly,q_7
gemma3_3s,3s,2946,q_7_main_1_30fps_frame0059.png,q_7_main_1_30fps_frame0059,poorly,q_7
gemma3_3s,3s,2946,q_7_main_1_30fps_frame0074.png,q_7_main_1_30fps_frame0074,poorly,q_7
gemma3_3s,3s,2946,q_7_main_1_30fps_frame0089.png,q_7_main_1_30fps_frame0089,poorly,q_7
