model,accuracy,precision,recall,f1_score,poorly_ratio
llama32vision,0.43333333333333335,0.43333333333333335,1.0,0.6046511627906976,1.0
llavallama3,0.5333333333333333,0.4,0.15384615384615385,0.2222222222222222,0.16666666666666666
deepseek_ocr,0.5,0.25,0.07692307692307693,0.11764705882352941,0.13333333333333333
gemma3,0.43333333333333335,0.43333333333333335,1.0,0.6046511627906976,1.0
qwen25,0.5,0.42857142857142855,0.46153846153846156,0.4444444444444444,0.4666666666666667
mistralsmall32,0.43333333333333335,0.43333333333333335,1.0,0.6046511627906976,1.0
qwen3,0.4666666666666667,0.2857142857142857,0.15384615384615385,0.2,0.23333333333333334
gemma3_27b,0.43333333333333335,0.43333333333333335,1.0,0.6046511627906976,1.0
llava,0.3333333333333333,0.36,0.6923076923076923,0.47368421052631576,0.8333333333333334
