video_name,participant,frame,outcome_prediction
11_final.mp4,final_cut_videos,0,Poorly
11_final.mp4,final_cut_videos,15,Poorly
11_final.mp4,final_cut_videos,30,Poorly
11_final.mp4,final_cut_videos,45,Poorly
11_final.mp4,final_cut_videos,60,Poorly
11_final.mp4,final_cut_videos,75,Poorly
11_final.mp4,final_cut_videos,90,Poorly
11_final.mp4,final_cut_videos,105,Poorly
11_final.mp4,final_cut_videos,120,Poorly
11_final.mp4,final_cut_videos,135,Poorly
11_final.mp4,final_cut_videos,150,Poorly
11_final.mp4,final_cut_videos,165,Poorly
11_final.mp4,final_cut_videos,180,Poorly
11_final.mp4,final_cut_videos,195,Poorly
11_final.mp4,final_cut_videos,210,Poorly
11_final.mp4,final_cut_videos,225,Poorly
11_final.mp4,final_cut_videos,240,Poorly
11_final.mp4,final_cut_videos,255,Poorly
11_final.mp4,final_cut_videos,270,Poorly
11_final.mp4,final_cut_videos,285,Poorly
11_final.mp4,final_cut_videos,300,Poorly
11_final.mp4,final_cut_videos,315,Poorly
11_final.mp4,final_cut_videos,330,Poorly
11_final.mp4,final_cut_videos,345,Poorly
11_final.mp4,final_cut_videos,360,Poorly
11_final.mp4,final_cut_videos,375,Poorly
11_final.mp4,final_cut_videos,390,Poorly
11_final.mp4,final_cut_videos,405,Poorly
11_final.mp4,final_cut_videos,420,Poorly
12_final.mp4,final_cut_videos,0,Poorly
12_final.mp4,final_cut_videos,15,Poorly
12_final.mp4,final_cut_videos,30,Poorly
12_final.mp4,final_cut_videos,45,Poorly
12_final.mp4,final_cut_videos,60,Poorly
12_final.mp4,final_cut_videos,75,Poorly
12_final.mp4,final_cut_videos,90,Poorly
12_final.mp4,final_cut_videos,105,Poorly
12_final.mp4,final_cut_videos,120,Poorly
12_final.mp4,final_cut_videos,135,Poorly
12_final.mp4,final_cut_videos,150,Poorly
12_final.mp4,final_cut_videos,165,Poorly
12_final.mp4,final_cut_videos,180,Poorly
12_final.mp4,final_cut_videos,195,Poorly
12_final.mp4,final_cut_videos,210,Poorly
14_final.mp4,final_cut_videos,0,Poorly
14_final.mp4,final_cut_videos,15,Poorly
14_final.mp4,final_cut_videos,30,Poorly
14_final.mp4,final_cut_videos,45,Poorly
14_final.mp4,final_cut_videos,60,Poorly
14_final.mp4,final_cut_videos,75,Poorly
14_final.mp4,final_cut_videos,90,Poorly
14_final.mp4,final_cut_videos,105,Poorly
14_final.mp4,final_cut_videos,120,Poorly
14_final.mp4,final_cut_videos,135,Poorly
14_final.mp4,final_cut_videos,150,Poorly
14_final.mp4,final_cut_videos,165,Well
14_final.mp4,final_cut_videos,180,Poorly
14_final.mp4,final_cut_videos,195,Poorly
14_final.mp4,final_cut_videos,210,Poorly
14_final.mp4,final_cut_videos,225,Well
14_final.mp4,final_cut_videos,240,Poorly
14_final.mp4,final_cut_videos,255,Poorly
14_final.mp4,final_cut_videos,270,Poorly
14_final.mp4,final_cut_videos,285,Well
14_final.mp4,final_cut_videos,300,Poorly
14_final.mp4,final_cut_videos,315,Poorly
14_final.mp4,final_cut_videos,330,Poorly
14_final.mp4,final_cut_videos,345,Poorly
14_final.mp4,final_cut_videos,360,Poorly
14_final.mp4,final_cut_videos,375,Poorly
15_final.mp4,final_cut_videos,0,Poorly
15_final.mp4,final_cut_videos,15,Poorly
15_final.mp4,final_cut_videos,30,Poorly
15_final.mp4,final_cut_videos,45,Poorly
15_final.mp4,final_cut_videos,60,Poorly
15_final.mp4,final_cut_videos,75,Poorly
15_final.mp4,final_cut_videos,90,Poorly
15_final.mp4,final_cut_videos,105,Poorly
15_final.mp4,final_cut_videos,120,Poorly
15_final.mp4,final_cut_videos,135,Poorly
15_final.mp4,final_cut_videos,150,Poorly
15_final.mp4,final_cut_videos,165,Poorly
15_final.mp4,final_cut_videos,180,Poorly
15_final.mp4,final_cut_videos,195,Poorly
15_final.mp4,final_cut_videos,210,Poorly
21_final.mp4,final_cut_videos,0,Poorly
21_final.mp4,final_cut_videos,15,Poorly
21_final.mp4,final_cut_videos,30,Poorly
21_final.mp4,final_cut_videos,45,Poorly
21_final.mp4,final_cut_videos,60,Poorly
21_final.mp4,final_cut_videos,75,Poorly
21_final.mp4,final_cut_videos,90,Poorly
21_final.mp4,final_cut_videos,105,Poorly
21_final.mp4,final_cut_videos,120,Poorly
21_final.mp4,final_cut_videos,135,Poorly
21_final.mp4,final_cut_videos,150,Poorly
21_final.mp4,final_cut_videos,165,Poorly
21_final.mp4,final_cut_videos,180,Poorly
21_final.mp4,final_cut_videos,195,Poorly
21_final.mp4,final_cut_videos,210,Poorly
21_final.mp4,final_cut_videos,225,Poorly
21_final.mp4,final_cut_videos,240,Poorly
21_final.mp4,final_cut_videos,255,Poorly
21_final.mp4,final_cut_videos,270,Poorly
21_final.mp4,final_cut_videos,285,Poorly
21_final.mp4,final_cut_videos,300,Poorly
21_final.mp4,final_cut_videos,315,Poorly
22_final.mp4,final_cut_videos,0,Well
22_final.mp4,final_cut_videos,15,Well
22_final.mp4,final_cut_videos,30,Poorly
22_final.mp4,final_cut_videos,45,Poorly
22_final.mp4,final_cut_videos,60,Well
22_final.mp4,final_cut_videos,75,Poorly
22_final.mp4,final_cut_videos,90,Poorly
22_final.mp4,final_cut_videos,105,Poorly
22_final.mp4,final_cut_videos,120,Poorly
22_final.mp4,final_cut_videos,135,Poorly
22_final.mp4,final_cut_videos,150,Poorly
22_final.mp4,final_cut_videos,165,Poorly
22_final.mp4,final_cut_videos,180,Poorly
22_final.mp4,final_cut_videos,195,Poorly
29_final.mp4,final_cut_videos,0,Poorly
29_final.mp4,final_cut_videos,15,Poorly
29_final.mp4,final_cut_videos,30,Poorly
29_final.mp4,final_cut_videos,45,Poorly
29_final.mp4,final_cut_videos,60,Poorly
29_final.mp4,final_cut_videos,75,Poorly
29_final.mp4,final_cut_videos,90,Poorly
29_final.mp4,final_cut_videos,105,Poorly
29_final.mp4,final_cut_videos,120,Poorly
29_final.mp4,final_cut_videos,135,Poorly
29_final.mp4,final_cut_videos,150,Poorly
29_final.mp4,final_cut_videos,165,Poorly
29_final.mp4,final_cut_videos,180,Poorly
29_final.mp4,final_cut_videos,195,Poorly
29_final.mp4,final_cut_videos,210,Poorly
30_final.mp4,final_cut_videos,0,Poorly
30_final.mp4,final_cut_videos,15,Poorly
30_final.mp4,final_cut_videos,30,Poorly
30_final.mp4,final_cut_videos,45,Poorly
30_final.mp4,final_cut_videos,60,Poorly
30_final.mp4,final_cut_videos,75,Poorly
30_final.mp4,final_cut_videos,90,Well
30_final.mp4,final_cut_videos,105,Well
30_final.mp4,final_cut_videos,120,Well
30_final.mp4,final_cut_videos,135,Poorly
30_final.mp4,final_cut_videos,150,Poorly
30_final.mp4,final_cut_videos,165,Well
30_final.mp4,final_cut_videos,180,Well
30_final.mp4,final_cut_videos,195,Well
30_final.mp4,final_cut_videos,210,Poorly
30_final.mp4,final_cut_videos,225,Poorly
30_final.mp4,final_cut_videos,240,Poorly
30_final.mp4,final_cut_videos,255,Well
30_final.mp4,final_cut_videos,270,Well
30_final.mp4,final_cut_videos,285,Well
30_final.mp4,final_cut_videos,300,Well
30_final.mp4,final_cut_videos,315,Well
30_final.mp4,final_cut_videos,330,Well
30_final.mp4,final_cut_videos,345,Well
30_final.mp4,final_cut_videos,360,Well
30_final.mp4,final_cut_videos,375,Well
31_final.mp4,final_cut_videos,0,Well
31_final.mp4,final_cut_videos,15,Well
31_final.mp4,final_cut_videos,30,Well
31_final.mp4,final_cut_videos,45,Well
31_final.mp4,final_cut_videos,60,Well
31_final.mp4,final_cut_videos,75,Well
31_final.mp4,final_cut_videos,90,Well
31_final.mp4,final_cut_videos,105,Well
31_final.mp4,final_cut_videos,120,Well
31_final.mp4,final_cut_videos,135,Well
31_final.mp4,final_cut_videos,150,Well
31_final.mp4,final_cut_videos,165,Well
31_final.mp4,final_cut_videos,180,Well
31_final.mp4,final_cut_videos,195,Well
31_final.mp4,final_cut_videos,210,Well
31_final.mp4,final_cut_videos,225,Well
31_final.mp4,final_cut_videos,240,Well
31_final.mp4,final_cut_videos,255,Well
31_final.mp4,final_cut_videos,270,Well
31_final.mp4,final_cut_videos,285,Well
33_final.mp4,final_cut_videos,0,Poorly
33_final.mp4,final_cut_videos,15,Poorly
33_final.mp4,final_cut_videos,30,Poorly
33_final.mp4,final_cut_videos,45,Poorly
33_final.mp4,final_cut_videos,60,Poorly
33_final.mp4,final_cut_videos,75,Poorly
33_final.mp4,final_cut_videos,90,Poorly
33_final.mp4,final_cut_videos,105,Poorly
33_final.mp4,final_cut_videos,120,Poorly
33_final.mp4,final_cut_videos,135,Poorly
33_final.mp4,final_cut_videos,150,Poorly
33_final.mp4,final_cut_videos,165,Poorly
33_final.mp4,final_cut_videos,180,Poorly
33_final.mp4,final_cut_videos,195,Poorly
33_final.mp4,final_cut_videos,210,Poorly
34_final.mp4,final_cut_videos,0,Poorly
34_final.mp4,final_cut_videos,15,Poorly
34_final.mp4,final_cut_videos,30,Poorly
34_final.mp4,final_cut_videos,45,Poorly
34_final.mp4,final_cut_videos,60,Poorly
34_final.mp4,final_cut_videos,75,Poorly
34_final.mp4,final_cut_videos,90,Poorly
34_final.mp4,final_cut_videos,105,Poorly
34_final.mp4,final_cut_videos,120,Poorly
34_final.mp4,final_cut_videos,135,Poorly
34_final.mp4,final_cut_videos,150,Poorly
34_final.mp4,final_cut_videos,165,Poorly
34_final.mp4,final_cut_videos,180,Poorly
34_final.mp4,final_cut_videos,195,Poorly
34_final.mp4,final_cut_videos,210,Poorly
40_final.mp4,final_cut_videos,0,Well
40_final.mp4,final_cut_videos,15,Well
40_final.mp4,final_cut_videos,30,Well
40_final.mp4,final_cut_videos,45,Well
40_final.mp4,final_cut_videos,60,Well
40_final.mp4,final_cut_videos,75,Well
40_final.mp4,final_cut_videos,90,Well
40_final.mp4,final_cut_videos,105,Well
40_final.mp4,final_cut_videos,120,Well
40_final.mp4,final_cut_videos,135,Well
40_final.mp4,final_cut_videos,150,Poorly
40_final.mp4,final_cut_videos,165,Well
40_final.mp4,final_cut_videos,180,Well
40_final.mp4,final_cut_videos,195,Well
40_final.mp4,final_cut_videos,210,Well
40_final.mp4,final_cut_videos,225,Well
40_final.mp4,final_cut_videos,240,Well
41_final.mp4,final_cut_videos,0,Poorly
41_final.mp4,final_cut_videos,15,Poorly
41_final.mp4,final_cut_videos,30,Poorly
41_final.mp4,final_cut_videos,45,Poorly
41_final.mp4,final_cut_videos,60,Poorly
41_final.mp4,final_cut_videos,75,Poorly
41_final.mp4,final_cut_videos,90,Poorly
41_final.mp4,final_cut_videos,105,Poorly
41_final.mp4,final_cut_videos,120,Poorly
41_final.mp4,final_cut_videos,135,Poorly
41_final.mp4,final_cut_videos,150,Poorly
41_final.mp4,final_cut_videos,165,Poorly
41_final.mp4,final_cut_videos,180,Poorly
41_final.mp4,final_cut_videos,195,Poorly
41_final.mp4,final_cut_videos,210,Poorly
41_final.mp4,final_cut_videos,225,Poorly
41_final.mp4,final_cut_videos,240,Poorly
41_final.mp4,final_cut_videos,255,Poorly
41_final.mp4,final_cut_videos,270,Poorly
44_final.mp4,final_cut_videos,0,Poorly
44_final.mp4,final_cut_videos,15,Poorly
44_final.mp4,final_cut_videos,30,Poorly
44_final.mp4,final_cut_videos,45,Poorly
44_final.mp4,final_cut_videos,60,Poorly
44_final.mp4,final_cut_videos,75,Poorly
44_final.mp4,final_cut_videos,90,Poorly
44_final.mp4,final_cut_videos,105,Poorly
44_final.mp4,final_cut_videos,120,Poorly
44_final.mp4,final_cut_videos,135,Poorly
44_final.mp4,final_cut_videos,150,Poorly
44_final.mp4,final_cut_videos,165,Poorly
44_final.mp4,final_cut_videos,180,Poorly
44_final.mp4,final_cut_videos,195,Poorly
44_final.mp4,final_cut_videos,210,Poorly
44_final.mp4,final_cut_videos,225,Poorly
46_final.mp4,final_cut_videos,0,Poorly
46_final.mp4,final_cut_videos,15,Well
46_final.mp4,final_cut_videos,30,Poorly
46_final.mp4,final_cut_videos,45,Poorly
46_final.mp4,final_cut_videos,60,Poorly
46_final.mp4,final_cut_videos,75,Poorly
46_final.mp4,final_cut_videos,90,Poorly
46_final.mp4,final_cut_videos,105,Poorly
46_final.mp4,final_cut_videos,120,Poorly
46_final.mp4,final_cut_videos,135,Poorly
46_final.mp4,final_cut_videos,150,Poorly
46_final.mp4,final_cut_videos,165,Poorly
46_final.mp4,final_cut_videos,180,Poorly
46_final.mp4,final_cut_videos,195,Poorly
46_final.mp4,final_cut_videos,210,Poorly
46_final.mp4,final_cut_videos,225,Poorly
46_final.mp4,final_cut_videos,240,Poorly
46_final.mp4,final_cut_videos,255,Poorly
46_final.mp4,final_cut_videos,270,Poorly
46_final.mp4,final_cut_videos,285,Poorly
48_final.mp4,final_cut_videos,0,Poorly
48_final.mp4,final_cut_videos,15,Poorly
48_final.mp4,final_cut_videos,30,Poorly
48_final.mp4,final_cut_videos,45,Poorly
48_final.mp4,final_cut_videos,60,Poorly
48_final.mp4,final_cut_videos,75,Poorly
48_final.mp4,final_cut_videos,90,Poorly
48_final.mp4,final_cut_videos,105,Poorly
48_final.mp4,final_cut_videos,120,Poorly
48_final.mp4,final_cut_videos,135,Poorly
48_final.mp4,final_cut_videos,150,Poorly
48_final.mp4,final_cut_videos,165,Poorly
48_final.mp4,final_cut_videos,180,Poorly
48_final.mp4,final_cut_videos,195,Poorly
48_final.mp4,final_cut_videos,210,Poorly
48_final.mp4,final_cut_videos,225,Poorly
48_final.mp4,final_cut_videos,240,Poorly
49_final.mp4,final_cut_videos,0,Poorly
49_final.mp4,final_cut_videos,15,Poorly
49_final.mp4,final_cut_videos,30,Poorly
49_final.mp4,final_cut_videos,45,Poorly
49_final.mp4,final_cut_videos,60,Poorly
49_final.mp4,final_cut_videos,75,Poorly
49_final.mp4,final_cut_videos,90,Poorly
49_final.mp4,final_cut_videos,105,Poorly
49_final.mp4,final_cut_videos,120,Poorly
49_final.mp4,final_cut_videos,135,Poorly
49_final.mp4,final_cut_videos,150,Poorly
49_final.mp4,final_cut_videos,165,Poorly
49_final.mp4,final_cut_videos,180,Poorly
49_final.mp4,final_cut_videos,195,Poorly
49_final.mp4,final_cut_videos,210,Poorly
49_final.mp4,final_cut_videos,225,Poorly
49_final.mp4,final_cut_videos,240,Poorly
49_final.mp4,final_cut_videos,255,Poorly
49_final.mp4,final_cut_videos,270,Poorly
49_final.mp4,final_cut_videos,285,Poorly
49_final.mp4,final_cut_videos,300,Poorly
49_final.mp4,final_cut_videos,315,Poorly
49_final.mp4,final_cut_videos,330,Poorly
49_final.mp4,final_cut_videos,345,Poorly
50_final.mp4,final_cut_videos,0,Well
50_final.mp4,final_cut_videos,15,Well
50_final.mp4,final_cut_videos,30,Poorly
50_final.mp4,final_cut_videos,45,Poorly
50_final.mp4,final_cut_videos,60,Poorly
50_final.mp4,final_cut_videos,75,Poorly
50_final.mp4,final_cut_videos,90,Poorly
50_final.mp4,final_cut_videos,105,Poorly
50_final.mp4,final_cut_videos,120,Poorly
50_final.mp4,final_cut_videos,135,Poorly
50_final.mp4,final_cut_videos,150,Poorly
50_final.mp4,final_cut_videos,165,Well
50_final.mp4,final_cut_videos,180,Well
50_final.mp4,final_cut_videos,195,Well
50_final.mp4,final_cut_videos,210,Well
50_final.mp4,final_cut_videos,225,Well
50_final.mp4,final_cut_videos,240,Well
50_final.mp4,final_cut_videos,255,Well
52_final.mp4,final_cut_videos,0,Poorly
52_final.mp4,final_cut_videos,15,Poorly
52_final.mp4,final_cut_videos,30,Poorly
52_final.mp4,final_cut_videos,45,Poorly
52_final.mp4,final_cut_videos,60,Poorly
52_final.mp4,final_cut_videos,75,Poorly
52_final.mp4,final_cut_videos,90,Poorly
52_final.mp4,final_cut_videos,105,Poorly
52_final.mp4,final_cut_videos,120,Poorly
52_final.mp4,final_cut_videos,135,Poorly
52_final.mp4,final_cut_videos,150,Poorly
52_final.mp4,final_cut_videos,165,Poorly
52_final.mp4,final_cut_videos,180,Poorly
52_final.mp4,final_cut_videos,195,Poorly
52_final.mp4,final_cut_videos,210,Poorly
52_final.mp4,final_cut_videos,225,Poorly
52_final.mp4,final_cut_videos,240,Poorly
52_final.mp4,final_cut_videos,255,Poorly
52_final.mp4,final_cut_videos,270,Poorly
52_final.mp4,final_cut_videos,285,Poorly
52_final.mp4,final_cut_videos,300,Poorly
52_final.mp4,final_cut_videos,315,Poorly
52_final.mp4,final_cut_videos,330,Poorly
52_final.mp4,final_cut_videos,345,Poorly
52_final.mp4,final_cut_videos,360,Well
52_final.mp4,final_cut_videos,375,Poorly
52_final.mp4,final_cut_videos,390,Poorly
52_final.mp4,final_cut_videos,405,Poorly
52_final.mp4,final_cut_videos,420,Poorly
52_final.mp4,final_cut_videos,435,Poorly
52_final.mp4,final_cut_videos,450,Poorly
52_final.mp4,final_cut_videos,465,Poorly
52_final.mp4,final_cut_videos,480,Poorly
52_final.mp4,final_cut_videos,495,Poorly
52_final.mp4,final_cut_videos,510,Poorly
52_final.mp4,final_cut_videos,525,Poorly
52_final.mp4,final_cut_videos,540,Poorly
52_final.mp4,final_cut_videos,555,Poorly
52_final.mp4,final_cut_videos,570,Poorly
52_final.mp4,final_cut_videos,585,Poorly
53_final.mp4,final_cut_videos,0,Poorly
53_final.mp4,final_cut_videos,15,Poorly
53_final.mp4,final_cut_videos,30,Poorly
53_final.mp4,final_cut_videos,45,Poorly
53_final.mp4,final_cut_videos,60,Poorly
53_final.mp4,final_cut_videos,75,Poorly
53_final.mp4,final_cut_videos,90,Poorly
53_final.mp4,final_cut_videos,105,Poorly
53_final.mp4,final_cut_videos,120,Poorly
53_final.mp4,final_cut_videos,135,Poorly
53_final.mp4,final_cut_videos,150,Poorly
53_final.mp4,final_cut_videos,165,Poorly
53_final.mp4,final_cut_videos,180,Poorly
53_final.mp4,final_cut_videos,195,Poorly
53_final.mp4,final_cut_videos,210,Poorly
53_final.mp4,final_cut_videos,225,Poorly
53_final.mp4,final_cut_videos,240,Poorly
53_final.mp4,final_cut_videos,255,Poorly
53_final.mp4,final_cut_videos,270,Poorly
53_final.mp4,final_cut_videos,285,Poorly
53_final.mp4,final_cut_videos,300,Poorly
53_final.mp4,final_cut_videos,315,Poorly
54_final.mp4,final_cut_videos,0,Poorly
54_final.mp4,final_cut_videos,15,Poorly
54_final.mp4,final_cut_videos,30,Poorly
54_final.mp4,final_cut_videos,45,Poorly
54_final.mp4,final_cut_videos,60,Poorly
54_final.mp4,final_cut_videos,75,Poorly
54_final.mp4,final_cut_videos,90,Poorly
54_final.mp4,final_cut_videos,105,Poorly
54_final.mp4,final_cut_videos,120,Poorly
54_final.mp4,final_cut_videos,135,Poorly
54_final.mp4,final_cut_videos,150,Poorly
54_final.mp4,final_cut_videos,165,Poorly
54_final.mp4,final_cut_videos,180,Poorly
54_final.mp4,final_cut_videos,195,Poorly
54_final.mp4,final_cut_videos,210,Poorly
54_final.mp4,final_cut_videos,225,Poorly
54_final.mp4,final_cut_videos,240,Poorly
54_final.mp4,final_cut_videos,255,Poorly
55_final.mp4,final_cut_videos,0,Poorly
55_final.mp4,final_cut_videos,15,Poorly
55_final.mp4,final_cut_videos,30,Poorly
55_final.mp4,final_cut_videos,45,Poorly
55_final.mp4,final_cut_videos,60,Poorly
55_final.mp4,final_cut_videos,75,Poorly
55_final.mp4,final_cut_videos,90,Poorly
55_final.mp4,final_cut_videos,105,Poorly
55_final.mp4,final_cut_videos,120,Poorly
55_final.mp4,final_cut_videos,135,Poorly
55_final.mp4,final_cut_videos,150,Poorly
55_final.mp4,final_cut_videos,165,Poorly
55_final.mp4,final_cut_videos,180,Poorly
55_final.mp4,final_cut_videos,195,Poorly
55_final.mp4,final_cut_videos,210,Poorly
55_final.mp4,final_cut_videos,225,Poorly
55_final.mp4,final_cut_videos,240,Poorly
55_final.mp4,final_cut_videos,255,Poorly
57_final.mp4,final_cut_videos,0,Poorly
57_final.mp4,final_cut_videos,15,Poorly
57_final.mp4,final_cut_videos,30,Poorly
57_final.mp4,final_cut_videos,45,Poorly
57_final.mp4,final_cut_videos,60,Poorly
57_final.mp4,final_cut_videos,75,Poorly
57_final.mp4,final_cut_videos,90,Poorly
57_final.mp4,final_cut_videos,105,Poorly
57_final.mp4,final_cut_videos,120,Poorly
57_final.mp4,final_cut_videos,135,Poorly
57_final.mp4,final_cut_videos,150,Poorly
57_final.mp4,final_cut_videos,165,Poorly
57_final.mp4,final_cut_videos,180,Poorly
57_final.mp4,final_cut_videos,195,Poorly
57_final.mp4,final_cut_videos,210,Poorly
57_final.mp4,final_cut_videos,225,Poorly
57_final.mp4,final_cut_videos,240,Poorly
57_final.mp4,final_cut_videos,255,Poorly
57_final.mp4,final_cut_videos,270,Poorly
59_final.mp4,final_cut_videos,0,Poorly
59_final.mp4,final_cut_videos,15,Well
59_final.mp4,final_cut_videos,30,Poorly
59_final.mp4,final_cut_videos,45,Well
59_final.mp4,final_cut_videos,60,Well
59_final.mp4,final_cut_videos,75,Well
59_final.mp4,final_cut_videos,90,Well
59_final.mp4,final_cut_videos,105,Poorly
59_final.mp4,final_cut_videos,120,Poorly
59_final.mp4,final_cut_videos,135,Poorly
59_final.mp4,final_cut_videos,150,Poorly
59_final.mp4,final_cut_videos,165,Well
59_final.mp4,final_cut_videos,180,Well
59_final.mp4,final_cut_videos,195,Well
59_final.mp4,final_cut_videos,210,Well
59_final.mp4,final_cut_videos,225,Well
59_final.mp4,final_cut_videos,240,Well
59_final.mp4,final_cut_videos,255,Well
6_final.mp4,final_cut_videos,0,Poorly
6_final.mp4,final_cut_videos,15,Poorly
6_final.mp4,final_cut_videos,30,Poorly
6_final.mp4,final_cut_videos,45,Poorly
6_final.mp4,final_cut_videos,60,Poorly
6_final.mp4,final_cut_videos,75,Poorly
6_final.mp4,final_cut_videos,90,Poorly
6_final.mp4,final_cut_videos,105,Poorly
6_final.mp4,final_cut_videos,120,Poorly
6_final.mp4,final_cut_videos,135,Poorly
6_final.mp4,final_cut_videos,150,Poorly
6_final.mp4,final_cut_videos,165,Poorly
6_final.mp4,final_cut_videos,180,Poorly
7_final.mp4,final_cut_videos,0,Poorly
7_final.mp4,final_cut_videos,15,Poorly
7_final.mp4,final_cut_videos,30,Poorly
7_final.mp4,final_cut_videos,45,Poorly
7_final.mp4,final_cut_videos,60,Poorly
7_final.mp4,final_cut_videos,75,Poorly
7_final.mp4,final_cut_videos,90,Poorly
7_final.mp4,final_cut_videos,105,Poorly
7_final.mp4,final_cut_videos,120,Poorly
7_final.mp4,final_cut_videos,135,Poorly
7_final.mp4,final_cut_videos,150,Poorly
7_final.mp4,final_cut_videos,165,Poorly
7_final.mp4,final_cut_videos,180,Poorly
7_final.mp4,final_cut_videos,195,Poorly
7_final.mp4,final_cut_videos,210,Poorly
7_final.mp4,final_cut_videos,225,Poorly
7_final.mp4,final_cut_videos,240,Poorly
9_final.mp4,final_cut_videos,0,Poorly
9_final.mp4,final_cut_videos,15,Poorly
9_final.mp4,final_cut_videos,30,Poorly
9_final.mp4,final_cut_videos,45,Poorly
9_final.mp4,final_cut_videos,60,Poorly
9_final.mp4,final_cut_videos,75,Poorly
9_final.mp4,final_cut_videos,90,Poorly
9_final.mp4,final_cut_videos,105,Poorly
9_final.mp4,final_cut_videos,120,Poorly
9_final.mp4,final_cut_videos,135,Poorly
9_final.mp4,final_cut_videos,150,Poorly
9_final.mp4,final_cut_videos,165,Poorly
9_final.mp4,final_cut_videos,180,Poorly
9_final.mp4,final_cut_videos,195,Poorly
9_final.mp4,final_cut_videos,210,Poorly
9_final.mp4,final_cut_videos,225,Poorly
9_final.mp4,final_cut_videos,240,Poorly
9_final.mp4,final_cut_videos,255,Poorly
9_final.mp4,final_cut_videos,270,Poorly
9_final.mp4,final_cut_videos,285,Poorly
